beta_obs,lam_obs,beta_true,lam_true,beta_obs_fixedlam,N1_p_beta,N1_null_beta_mean,N1_null_beta_q95,N1_null_lam_mean,N1_reject05,N1_p_beta_fixedlam,N1_reject05_fixedlam,N1_null_beta_fixedlam_mean,N1_surviving_frac_fixedlam,N1_surviving_beta,N1_surviving_frac,N3_p_beta,N3_null_beta_mean,N3_null_beta_q95,N3_null_lam_mean,N3_reject05,N3_p_beta_fixedlam,N3_reject05_fixedlam,N3_null_beta_fixedlam_mean,N3_surviving_frac_fixedlam,N3_surviving_beta,N3_surviving_frac,N4_p_beta,N4_null_beta_mean,N4_null_beta_q95,N4_null_lam_mean,N4_reject05,N4_p_beta_fixedlam,N4_reject05_fixedlam,N4_null_beta_fixedlam_mean,N4_surviving_frac_fixedlam,N4_surviving_beta,N4_surviving_frac,regime,beta_true_cfg,rep
1.0766103028148042,399.9999999999999,0.0,30.0,1.0766103028146476,0.029850746268656716,0.601090536356923,1.0280784721828504,365.4953568978401,1.0,0.029850746268656716,1.0,0.6271380057753945,0.4174883854112955,0.4755197664578812,0.4416823480275378,0.004975124378109453,0.24882768107028455,0.7131581921464976,251.2678049260781,1.0,0.004975124378109453,1.0,0.2877629681090636,0.7327139008824758,0.8277826217445197,0.7688785994154774,0.004975124378109453,0.5466401422309306,0.8897089870862873,396.06720660462656,1.0,0.004975124378109453,1.0,0.5506658601354141,0.48851886453642984,0.5299701605838736,0.49225811716483053,clean,0.0,0
0.10895751293995941,27.47486899050773,0.0,30.0,0.10895751293995895,0.945273631840796,0.6256861496628222,1.0444233586196623,351.93797652969283,0.0,0.4577114427860697,0.0,0.10340915389722775,0.050922225489752324,-0.5167286367228628,-4.742478263133668,0.6218905472636815,0.19248949304962737,0.7381227818757026,207.2312027440955,0.0,0.18407960199004975,0.0,0.03561427173876835,0.6731361539208994,-0.08353198010966796,-0.766647272462046,0.8606965174129353,0.23882413871824038,0.4904037043241658,325.15685841708654,0.0,0.22388059701492538,0.0,0.061207357447302414,0.4382456446024907,-0.12986662577828095,-1.1919015244946296,clean,0.0,1
0.6362966205110243,399.9999999999999,0.0,30.0,0.6362966205110197,0.44776119402985076,0.5667559173439823,1.0629531760934978,334.1766393616064,0.0,0.47761194029850745,0.0,0.6201524103024658,0.02537214514134645,0.06954070316704197,0.1092897572066189,0.04975124378109453,0.2038476808330519,0.6338020407631635,232.50617184388028,1.0,0.04975124378109453,1.0,0.2682634119924146,0.5783988106412256,0.4324489396779724,0.6796341921958705,0.10945273631840796,0.4172838688901691,0.6994450816937672,338.9810594999195,0.0,0.10945273631840796,0.0,0.4229596192717333,0.3352791675491724,0.2190127516208552,0.3441991432312827,clean,0.0,2
0.10571740544800368,27.47486899050773,0.0,30.0,0.10571740544800362,0.8855721393034826,0.4918186207142918,0.986031824603703,312.6944542102614,0.0,0.417910447761194,0.0,0.08935852375127361,0.15474161163344116,-0.3861012152662881,-3.6522010129750027,0.6218905472636815,0.1842189013945709,0.655867890586422,212.34328212529195,0.0,0.13930348258706468,0.0,0.03302323521607164,0.68762726368352,-0.07850149594656722,-0.7425598047350641,0.8905472636815921,0.3340568912369396,0.5922289153390042,346.04449857053595,0.0,0.12437810945273632,0.0,0.05193515010951855,0.5087360507058367,-0.22833948578893593,-2.159904367888058,clean,0.0,3
0.2924121835114375,94.57193137936622,0.0,30.0,0.29241218351143666,0.8606965174129353,0.6297590374873219,1.10890326666471,347.89399645849915,0.0,0.21890547263681592,0.0,0.21934467342425662,0.24987847363180155,-0.3373468539758844,-1.1536689406195324,0.417910447761194,0.20275868331452357,0.6762426950095707,214.25040752649932,0.0,0.009950248756218905,1.0,0.07396353986055253,0.7470572567382107,0.08965350019691393,0.3065997425972752,0.8557213930348259,0.45153115290785395,0.7201342658361845,392.15029900695595,0.0,0.014925373134328358,1.0,0.15908527003205428,0.4559553978850125,-0.15911896939641645,-0.5441598482171063,clean,0.0,4
0.7069238951421944,399.9999999999999,0.0,30.0,0.7069238951420052,0.4925373134328358,0.664158429213556,1.1457107579700374,352.6013632942016,0.0,0.527363184079602,0.0,0.7243057216348086,-0.024587974196729874,0.0427654659286385,0.06049514837808167,0.08955223880597014,0.25839033787333315,0.8340700668126817,253.38205111274695,0.0,0.09950248756218906,0.0,0.3078045314327287,0.5645860416546004,0.4485335572688613,0.6344863433688868,0.014925373134328358,0.2941986567554959,0.5348279179248616,362.6716268798541,1.0,0.014925373134328358,1.0,0.325549514581161,0.5394843535232807,0.41272523838669856,0.5838326320879008,clean,0.0,5
0.8525601127600292,399.9999999999999,0.0,30.0,0.8525601127599799,0.18407960199004975,0.584921381446812,1.0743781883505537,342.63940951969903,0.0,0.19900497512437812,0.0,0.6441312906494077,0.24447404821207125,0.26763873131321714,0.31392359002907005,0.014925373134328358,0.20097099505404104,0.6055172915414745,235.9766623407151,1.0,0.01990049751243781,1.0,0.2357420583053435,0.7234892240710402,0.6515891177059882,0.7642735191968704,0.004975124378109453,0.07833895134358906,0.49397038432791335,205.49346415442074,1.0,0.014925373134328358,1.0,0.17612897334461017,0.7934116659827886,0.7742211614164402,0.9081132811972882,clean,0.0,6
1.47770087457609,399.9999999999999,0.0,30.0,1.477700874575886,0.014925373134328358,0.7348820207654628,1.2063144153756369,363.82710136269134,1.0,0.014925373134328358,1.0,0.7818405144116187,0.4709074563984309,0.7428188538106272,0.5026855343939081,0.009950248756218905,0.2330011123097811,0.7648186297849514,249.1319842344413,1.0,0.009950248756218905,1.0,0.26650991515393274,0.8196455590307317,1.244699762266309,0.8423218688446521,0.004975124378109453,0.42429102883348363,0.8146957951932114,380.484437012249,1.0,0.004975124378109453,1.0,0.4275191874287605,0.7106862459214132,1.0534098457426064,0.7128708278289404,clean,0.0,7
1.39431053266486,399.9999999999999,0.0,30.0,1.394310532665516,0.009950248756218905,0.6200368214879913,1.072629394913428,367.3651698260686,1.0,0.009950248756218905,1.0,0.6516430339656287,0.5326413889165157,0.7742737111768686,0.5553093755212815,0.004975124378109453,0.16383850986311102,0.6072364513775069,209.57337954193085,1.0,0.004975124378109453,1.0,0.21165359530400443,0.8482019676783303,1.230472022801749,0.8824949636219297,0.004975124378109453,0.48007088559616706,0.7268778641048028,390.199669463795,1.0,0.004975124378109453,1.0,0.4823391731138253,0.6540661769285117,0.9142396470686929,0.6556929935266019,clean,0.0,8
0.3285444321515267,184.7325174776499,0.0,30.0,0.32854443215154394,0.7661691542288557,0.5607489756200809,1.0026124101173188,342.3512896836005,0.0,0.472636815920398,0.0,0.3157911447956524,0.038817542188658904,-0.23220454346855418,-0.7067675502760006,0.3383084577114428,0.20037070430840245,0.6284066259130938,219.25996476354584,0.0,0.06467661691542288,0.0,0.11676034231254068,0.6446132367914122,0.12817372784312422,0.3901260082350436,0.6965174129353234,0.3968421931419242,0.7209875891845214,367.6019194546632,0.0,0.0945273631840796,0.0,0.22145378664974058,0.32595483295972244,-0.06829776099039753,-0.20787983087443768,clean,0.0,9
1.1038711579983886,3.8811473884278147,0.0,30.0,1.1038711579983886,0.004975124378109453,0.40714804401718924,0.8832227144522261,276.62564708881155,1.0,0.004975124378109453,1.0,0.00871739529332815,0.9921028869808184,0.6967231139811993,0.6311634369037626,0.004975124378109453,0.18822596614947545,0.6612141301903927,207.86868294733696,1.0,0.004975124378109453,1.0,0.02741676398101818,0.9751630760688303,0.9156451918489132,0.8294855656064255,0.004975124378109453,0.1663146659260751,0.3542297073769618,288.65042529357055,1.0,0.004975124378109453,1.0,0.00532013870942633,0.9951804713159884,0.9375564920723135,0.8493350743689619,clean,0.0,10
0.26173385736742383,27.47486899050773,0.0,30.0,0.26173385736742355,0.8308457711442786,0.5830678177934346,1.0314327534404504,340.37502588302044,0.0,0.004975124378109453,1.0,0.10033894165837925,0.6166375161868232,-0.3213339604260108,-1.2277126225015662,0.40298507462686567,0.1610192598927861,0.6615248919964345,201.9683629574618,0.0,0.004975124378109453,1.0,0.028657886005287,0.890507531988661,0.10071459747463773,0.3847977425910698,0.8706467661691543,0.36717816490448485,0.5793236642224474,358.25737718026545,0.0,0.014925373134328358,1.0,0.0663335849191114,0.7465609318323998,-0.10544430753706102,-0.40286842748447926,clean,0.0,11
1.1922566333995381,32.065569585653414,1.0,30.0,1.1922566333995404,0.05970149253731343,0.7546959609469361,1.193302529030638,360.9160875856385,0.0,0.004975124378109453,1.0,0.13755022392526722,0.8846303555191272,0.437560672452602,0.36700208679482405,0.004975124378109453,0.2065879483739363,0.6833114041873672,223.4642069917861,1.0,0.004975124378109453,1.0,0.03923392133996305,0.9670927212809096,0.9856686850256018,0.8267252682126982,0.024875621890547265,0.31121280707553267,0.6676340353672817,340.07225922427955,1.0,0.004975124378109453,1.0,0.07838023083822884,0.9342589266081587,0.8810438263240055,0.7389716287942498,clean,1.0,0
1.0859638871916453,39.401255758809576,1.0,30.0,1.0859638871916433,0.13930348258706468,0.7581983971927201,1.2234077168079918,363.95416543741004,0.0,0.004975124378109453,1.0,0.15500785483589635,0.8572624222001024,0.3277654899989252,0.30181987989171766,0.009950248756218905,0.17186752971781094,0.6792296609170264,184.31523481332252,1.0,0.004975124378109453,1.0,0.041250262472175246,0.9620150697839036,0.9140963574738343,0.8417373434375718,0.01990049751243781,0.3094956575118072,0.6035189512466062,334.3614720653306,1.0,0.004975124378109453,1.0,0.08123709761536618,0.9251935551692705,0.7764682296798381,0.7150037297168529,clean,1.0,1
1.1120026082858057,35.54467200996848,1.0,30.0,1.1120026082858065,0.208955223880597,0.8558073577508014,1.3672149164752914,382.0893222627144,0.0,0.004975124378109453,1.0,0.15755444068545837,0.8583146842359171,0.25619525053500425,0.23039087195122587,0.014925373134328358,0.21927363683912338,0.7910425076296576,229.51588151806484,1.0,0.004975124378109453,1.0,0.04465562671303941,0.959842156501883,0.8927289714466823,0.8028119401831781,0.024875621890547265,0.4902541953960264,0.7801670125469493,361.74500223092843,1.0,0.004975124378109453,1.0,0.10829026689744119,0.9026168948790734,0.6217484128897792,0.559124959111587,clean,1.0,2
1.2008133376311583,62.63542794902594,1.0,30.0,1.2008133376311578,0.04477611940298507,0.7121269348867375,1.162955958991374,356.42103143327876,1.0,0.004975124378109453,1.0,0.1875807819169561,0.8437885589387303,0.48868640274442077,0.40696283712875087,0.014925373134328358,0.21715899479998726,0.8209401071979842,238.6856174242594,1.0,0.004975124378109453,1.0,0.05702093565149027,0.9525147382490142,0.983654342831171,0.8191567431884323,0.024875621890547265,0.31252263405960057,0.5045470992947696,324.61860424783015,1.0,0.004975124378109453,1.0,0.0994161220631344,0.917209345576347,0.8882907035715577,0.7397408704036272,clean,1.0,3
1.6005580048881451,94.57193137936622,1.0,30.0,1.6005580048881385,0.009950248756218905,0.773380760343796,1.2422853283029343,365.46948220793973,1.0,0.004975124378109453,1.0,0.2619349938191426,0.8363477031015512,0.8271772445443492,0.5168055403291406,0.009950248756218905,0.2669583247201869,0.8394654623206536,249.50703277636316,1.0,0.004975124378109453,1.0,0.09848773609532835,0.938466624892978,1.3335996801679584,0.8332092158454182,0.029850746268656716,0.3451941302359572,0.7205308819999127,312.62279367796583,1.0,0.004975124378109453,1.0,0.1492078989057759,0.9067775747894848,1.255363874652188,0.7843288845629303,clean,1.0,4
1.272031731302803,37.42331776750649,1.0,30.0,1.272031731302803,0.05970149253731343,0.7990669129996291,1.293410090252704,364.4923175314689,0.0,0.004975124378109453,1.0,0.1585314377959753,0.8753714754948693,0.47296481830317383,0.371818411965846,0.009950248756218905,0.1644449553279874,0.7524087145456198,197.6360023238725,1.0,0.004975124378109453,1.0,0.03454150479817525,0.9728454063305495,1.1075867759748155,0.8707225996952416,0.03482587064676617,0.5696384507819695,1.0254520168275427,381.9688743557285,1.0,0.004975124378109453,1.0,0.14207211093946068,0.8883108750801745,0.7023932805208334,0.5521822005190459,clean,1.0,5
1.2541745483508475,33.760334028781045,1.0,30.0,1.2541745483508482,0.04975124378109453,0.7254397417801255,1.2446203079633062,353.69393514810434,1.0,0.004975124378109453,1.0,0.13979008439861274,0.8885401680472412,0.528734806570722,0.4215799206465891,0.004975124378109453,0.21831712857302144,0.7525004319210115,222.31115637559023,1.0,0.004975124378109453,1.0,0.041141595325783896,0.9671962763238321,1.035857419777826,0.8259276359418286,0.014925373134328358,0.4554781030567252,0.9622302943561473,338.1623585885117,1.0,0.004975124378109453,1.0,0.12204713512266288,0.902687281221624,0.7986964452941223,0.6368303728889673,clean,1.0,6
1.2595136429400684,50.97402696302673,1.0,30.0,1.2595136429400666,0.0945273631840796,0.8727530639232245,1.3410502168845146,376.200092850074,0.0,0.004975124378109453,1.0,0.19984980770237243,0.8413277944049374,0.3867605790168439,0.3070713693216003,0.004975124378109453,0.27948830174437367,0.8238053278948706,250.61794374634516,1.0,0.004975124378109453,1.0,0.0558034697817077,0.9556944300726696,0.9800253411956947,0.7780982339405492,0.04975124378109453,0.43972861890267934,1.101558770404578,363.8557374601884,1.0,0.004975124378109453,1.0,0.11705105464024669,0.907066465459623,0.8197850240373891,0.6508742709001343,clean,1.0,7
1.1661896188525638,39.401255758809576,1.0,30.0,1.1661896188525671,0.06467661691542288,0.7727165503933621,1.189890834925765,372.8665864509057,0.0,0.004975124378109453,1.0,0.14769701274167168,0.87335077387587,0.3934730684592017,0.3374005925780298,0.004975124378109453,0.3243778556223242,0.811652651532817,283.76508386646384,1.0,0.004975124378109453,1.0,0.061208318392377496,0.9475142657738616,0.8418117632302395,0.7218481022481698,0.04477611940298507,0.5477862095850301,1.025818059095946,389.07543211184384,1.0,0.004975124378109453,1.0,0.12578577502860067,0.8921395174548343,0.6184034092675337,0.5302768943150022,clean,1.0,8
1.2695864630282296,53.66816181034961,1.0,30.0,1.2695864630282314,0.10945273631840796,0.8547354978512973,1.344683471956409,379.0369421006627,0.0,0.004975124378109453,1.0,0.19636602826977737,0.8453307167426761,0.4148509651769323,0.32676070299885357,0.014925373134328358,0.3310800563940917,0.9165781783236421,288.36966362272045,1.0,0.004975124378109453,1.0,0.0760904705580675,0.9400667282033114,0.938506406634138,0.7392221278065644,0.04477611940298507,0.34977335873662807,1.0094534884722557,356.8045491907696,1.0,0.004975124378109453,1.0,0.08153587744977701,0.9357776096199886,0.9198131042916016,0.7244981977026241,clean,1.0,9
1.2242526954753454,39.401255758809576,1.0,30.0,1.2242526954753414,0.05970149253731343,0.7664835272187613,1.2326277902032972,359.6788376356134,0.0,0.004975124378109453,1.0,0.15584160879544007,0.8727047043707497,0.4577691682565841,0.37391722309326364,0.009950248756218905,0.2330062796520314,0.8646279030572027,222.97726091523018,1.0,0.004975124378109453,1.0,0.045337703353363706,0.9629670381605651,0.9912464158233141,0.8096746852074023,0.009950248756218905,0.33920357643134225,0.8026260906904359,353.11081088743776,1.0,0.004975124378109453,1.0,0.09626033044274046,0.9213721719392536,0.8850491190440032,0.7229300963069243,clean,1.0,10
1.2095894089625185,59.491137490359385,1.0,30.0,1.209589408962517,0.03980099502487562,0.7126222851148794,1.1352027585127242,368.2564091709595,1.0,0.004975124378109453,1.0,0.17557422139217033,0.8548480830840253,0.4969671238476392,0.4108560476516529,0.009950248756218905,0.25770753462645163,0.7298984886420549,263.7578408176302,1.0,0.004975124378109453,1.0,0.06153671673578776,0.9491259461435192,0.9518818743360669,0.7869462705964902,0.014925373134328358,0.3545218769315683,0.6155324536882353,345.1407152240148,1.0,0.004975124378109453,1.0,0.09979960186208572,0.917492992975455,0.8550675320309502,0.7069072576985883,clean,1.0,11
0.8189315391714391,18.196732920264115,0.0,30.0,0.818931539171439,0.9900497512437811,2.751660543200446,3.633035442599449,392.60826688812716,0.0,0.004975124378109453,1.0,0.35243822937106345,0.5696365172018582,-1.932729004029007,-2.360061753128304,0.029850746268656716,0.0650491876231576,0.7123889198313749,232.24894292443423,1.0,0.01990049751243781,1.0,0.020335081758089242,0.975168764682499,0.7538823515482815,0.9205682227247327,0.024875621890547265,0.33893237297384826,0.7841857523984103,222.62324541388574,1.0,0.004975124378109453,1.0,0.19506303991913423,0.7618078794272707,0.47999916619759087,0.5861285629360838,confounded,0.0,0
0.6349895775073614,28.9270007207838,0.0,30.0,0.6349895775073612,1.0,3.010263566239538,3.7976641368060062,396.0334734556992,0.0,0.0945273631840796,0.0,0.5066473284144251,0.20211709552263998,-2.3752739887321765,-3.7406503553275097,0.0945273631840796,0.12783844573025296,0.778739628599875,205.57864148652786,0.0,0.004975124378109453,1.0,0.013910915367940964,0.9780926870917347,0.5071511317771085,0.798676308622135,0.03482587064676617,0.054976370587540735,0.5172611554782977,195.56522288327142,1.0,0.004975124378109453,1.0,-0.0446779945562,1.0703602013935136,0.5800132069198207,0.9134216174014237,confounded,0.0,1
0.7572910090060095,17.28325925889386,0.0,30.0,0.7572910090060101,0.9850746268656716,2.5640545927235907,3.463003917417358,389.97273033950427,0.0,0.004975124378109453,1.0,0.32406009395739105,0.5720798344314963,-1.806763583717581,-2.3858246859276306,0.014925373134328358,0.04751580916623763,0.5920360580800448,233.7764685839397,1.0,0.004975124378109453,1.0,-0.0057032624961317465,1.0075311372092184,0.7097751998397719,0.9372555482619488,0.03482587064676617,0.3130617395122266,0.6902852807909211,224.1012182835594,1.0,0.004975124378109453,1.0,0.1735280588197274,0.7708568347490439,0.44422926949378294,0.586603121139469,confounded,0.0,2
0.7611868513089377,13.359394165570466,0.0,30.0,0.7611868513089385,0.9800995024875622,2.662536018335928,3.4469393539148285,385.75313302639466,0.0,0.004975124378109453,1.0,0.25513782140193375,0.6648157795116951,-1.9013491670269904,-2.497874423024292,0.07960199004975124,0.09656374064488853,0.8871762267349964,211.899862423022,0.0,0.009950248756218905,1.0,0.023012153804478,0.9697680618564204,0.6646231106640492,0.8731405561212239,0.024875621890547265,0.10022192354446532,0.666973618292637,187.68357161298664,1.0,0.004975124378109453,1.0,0.012598348085236313,0.9834490729003369,0.6609649277644724,0.8683346626756313,confounded,0.0,3
0.9991931066680151,27.47486899050773,0.0,30.0,0.9991931066680146,0.9850746268656716,2.9097146444305686,3.9333515930010465,378.3219444168146,0.0,0.004975124378109453,1.0,0.5298792231498807,0.46969287556751044,-1.9105215377625535,-1.912064369752833,0.004975124378109453,0.0725961614946048,0.5899248428592047,185.66539863527024,1.0,0.004975124378109453,1.0,0.01936480985665189,0.9806195521892387,0.9265969451734103,0.9273452138429082,0.03482587064676617,0.5095858747171162,0.8800194652445376,316.8423484484239,1.0,0.004975124378109453,1.0,0.20635990570474172,0.7934734493987001,0.48960723195089884,0.4900026117910082,confounded,0.0,4
0.3691736454162486,32.065569585653414,0.0,30.0,0.36917364541624764,0.9950248756218906,2.295678657250574,3.4342014321112293,386.4400643171107,0.0,0.6417910447761194,0.0,0.41206340325667157,-0.1161777347136067,-1.9265050118343254,-5.218425084656743,0.21393034825870647,0.08519410705492295,0.6637038089266349,172.1805433333329,0.0,0.05472636815920398,0.0,0.026658126383259394,0.9277897360381671,0.2839795383613256,0.7692302575963531,0.12437810945273632,0.04594417698231954,0.4548281170729192,135.49033603219715,0.0,0.03482587064676617,1.0,0.012915983265477368,0.9650137992626358,0.323229468433929,0.875548600088945,confounded,0.0,5
1.0040023095981785,23.54140081713384,0.0,30.0,1.004002309598179,0.9552238805970149,2.664021815100572,3.828406004754399,361.7717883731295,0.0,0.004975124378109453,1.0,0.47005949048476986,0.5318143335019849,-1.6600195055023934,-1.6534020784939887,0.004975124378109453,0.03307196095303008,0.6587450369141904,199.52279103139065,1.0,0.004975124378109453,1.0,-0.01962812906321727,1.0195498843733464,0.9709303486451484,0.9670598756229294,0.009950248756218905,0.029095807135129582,0.5727975308691413,177.85476254861155,1.0,0.004975124378109453,1.0,-0.012940277783840165,1.012888693243165,0.9749065024630489,0.9710201790802908,confounded,0.0,6
0.6467684508359839,73.10101002194283,0.0,30.0,0.6467684508359832,1.0,2.7983604928815176,3.6513381281372688,392.297616232827,0.0,0.8109452736318408,0.0,0.7800206721910529,-0.20602770772574627,-2.1515920420455337,-3.3266805751957786,0.024875621890547265,0.048257503730799164,0.5295199691767635,138.17526230863984,1.0,0.004975124378109453,1.0,0.034694564300233585,0.9463570552098066,0.5985109471051847,0.9253867382238208,0.024875621890547265,0.16592878261423066,0.6111934675572107,184.07543473862196,1.0,0.004975124378109453,1.0,0.062398737111569076,0.9035222929768524,0.4808396682217532,0.7434494796402661,confounded,0.0,7
0.5821583367287203,81.0324425358068,0.0,30.0,0.582158336728721,0.9900497512437811,2.474816000693263,3.5194566385040034,377.8819049085222,0.0,0.8507462686567164,0.0,0.7535254340538969,-0.29436510054657355,-1.8926576639645427,-3.2511046300561723,0.10945273631840796,0.0664178640719276,0.751811646505077,184.3323330203991,0.0,0.009950248756218905,1.0,0.015499140414657227,0.9733764176568347,0.5157404726567927,0.8859109972638292,0.13432835820895522,0.19291572429962117,0.7093923711039246,209.27524599607025,0.0,0.024875621890547265,1.0,0.08889932191009038,0.8472935689461466,0.38924261242909913,0.6686198373733538,confounded,0.0,8
0.4954363228025082,41.48373388526971,0.0,30.0,0.4954363228025081,1.0,2.5059632671344563,3.5775608959649983,369.62996112644544,0.0,0.6865671641791045,0.0,0.5493889932041408,-0.10889930333820001,-2.0105269443319482,-4.058093546632002,0.08955223880597014,-0.07689577947080863,0.581177771637556,174.7760352524805,0.0,0.014925373134328358,1.0,-0.018640893598653178,1.0376252057846875,0.5723321022733169,1.1552081991805454,0.029850746268656716,-0.15237811238181606,0.4155062320373931,224.37686458998186,1.0,0.004975124378109453,1.0,-0.040759074801138676,1.082269048362419,0.6478144351843242,1.3075634655123123,confounded,0.0,9
0.8102991802081083,32.065569585653414,0.0,30.0,0.8102991802081081,0.9154228855721394,2.0563168912576417,3.128607131154257,347.58210618163616,0.0,0.004975124378109453,1.0,0.4354546270020063,0.46260018813030385,-1.2460177110495334,-1.5377254987836961,0.01990049751243781,0.03805733562076269,0.5863342811809598,183.05520134112206,1.0,0.004975124378109453,1.0,0.00594304353069584,0.9926656182360082,0.7722418445873456,0.9530329826929005,0.014925373134328358,0.2018101600632603,0.692586582509526,233.57376097998372,1.0,0.004975124378109453,1.0,0.0894496371897307,0.8896091229331401,0.6084890201448481,0.7509436452700969,confounded,0.0,10
0.5832933390431144,293.6657744906124,0.0,30.0,0.5832933390431082,1.0,2.7971982268339786,3.6170435662590066,397.4264837333604,0.0,1.0,0.0,2.1421030033910595,-2.6724283649547176,-2.2139048877908643,-3.7955257493986614,0.06965174129353234,0.03383384682115234,0.5927857404468934,185.80843071128416,0.0,0.03482587064676617,1.0,0.022844342100182394,0.9608355855088994,0.5494594922219621,0.9419951428270099,0.1691542288557214,0.2652359103258104,0.6770407788242201,255.67661404392254,0.0,0.04975124378109453,1.0,0.2392403408466646,0.5898455805459085,0.318057428717304,0.5452786915740772,confounded,0.0,11
1.2964849800047682,69.4313486839866,1.0,30.0,1.2964849800047684,0.9950248756218906,3.664913820873053,4.670620839066008,397.17689774911923,0.0,0.029850746268656716,1.0,0.9765995850652963,0.24673281979579553,-2.368428840868285,-1.826807774402118,0.009950248756218905,0.07588140902542374,0.7785806045929066,176.08842301488687,1.0,0.004975124378109453,1.0,0.02026623520380955,0.9843683224130101,1.2206035709793444,0.941471432221957,0.014925373134328358,0.24579152200536997,0.925483088810114,149.69910519060718,1.0,0.009950248756218905,1.0,0.09858229640906634,0.9239618677196678,1.0506934579993983,0.8104169922551159,confounded,1.0,0
1.9433428139994935,27.47486899050773,1.0,30.0,1.9433428139994942,0.9800995024875622,3.422394418162605,4.19301063590056,397.54759201708873,0.0,0.004975124378109453,1.0,0.5490280663400794,0.7174826477423442,-1.4790516041631117,-0.7610863062905262,0.004975124378109453,0.09502383256888709,0.9618334550828023,219.98835499421796,1.0,0.004975124378109453,1.0,0.020649716139995805,0.9893741258663994,1.8483189814306065,0.951102897602856,0.004975124378109453,0.48291917910933746,1.0909118995752694,326.5957749723395,1.0,0.004975124378109453,1.0,0.18043056130680576,0.9071545380428938,1.460423634890156,0.7515007770988864,confounded,1.0,1
1.7156581216917712,48.41513733988736,1.0,30.0,1.715658121691771,0.9154228855721394,2.5876173112255056,3.5440194893161197,386.081038619263,0.0,0.004975124378109453,1.0,0.5862559783761317,0.6582909083319943,-0.8719591895337344,-0.5082359815800105,0.004975124378109453,0.03163511798553199,0.7428453531009029,165.69174079784653,1.0,0.004975124378109453,1.0,0.02092413381638847,0.9878040190223004,1.6840230037062391,0.9815609429492064,0.004975124378109453,0.05475906889173293,1.178412176672511,173.8222146446522,1.0,0.004975124378109453,1.0,0.04260162920853019,0.975168928663642,1.6608990528000382,0.9680827618280171,confounded,1.0,2
2.015118649967068,21.23717517589868,1.0,30.0,2.0151186499670684,0.9353233830845771,3.0150426491599815,4.090922122194286,389.19891758569383,0.0,0.004975124378109453,1.0,0.44863004971474846,0.7773679233616938,-0.9999239991929136,-0.49621097954170335,0.004975124378109453,0.044233834251598464,0.7066718979407804,205.36392724152395,1.0,0.004975124378109453,1.0,-0.006723569387851597,1.0033365625334079,1.9708848157154695,0.9780490174847415,0.004975124378109453,-0.00047388110656975345,0.7608811906369646,168.09472209628356,1.0,0.004975124378109453,1.0,0.08169647274087787,0.9594582320290604,2.015592531073638,1.000235162880646,confounded,1.0,3
2.0050725948181656,30.455882100450456,1.0,30.0,2.005072594818166,0.8905472636815921,2.8598737685934212,4.023440754775054,381.85294218368057,0.0,0.004975124378109453,1.0,0.5244227035328456,0.7384520117186061,-0.8548011737752557,-0.426319314315288,0.004975124378109453,0.009002735572638127,0.6060823752610868,175.0569547229379,1.0,0.004975124378109453,1.0,0.010316752333854564,0.9948546739103029,1.9960698592455275,0.9955100201379719,0.009950248756218905,0.15176938140251656,0.6638890258653702,123.52515569231095,1.0,0.009950248756218905,1.0,0.14586597577648344,0.9272515238832479,1.853303213415649,0.9243072885267378,confounded,1.0,4
1.9409207351378,35.54467200996848,1.0,30.0,1.9409207351378,0.9502487562189055,2.9901254752907294,4.165377721041121,393.9010285769237,0.0,0.004975124378109453,1.0,0.5597431108886813,0.7116094950425984,-1.0492047401529294,-0.5405706277224345,0.004975124378109453,0.017329187493693287,0.7180540287606968,176.75229448176577,1.0,0.004975124378109453,1.0,0.014692779036911813,0.9924299953259716,1.9235915476441066,0.991071666565269,0.004975124378109453,0.40773028537006445,1.1276992587563006,233.79760458557618,1.0,0.004975124378109453,1.0,0.3210471850509799,0.8345902646930162,1.5331904497677356,0.7899294504980819,confounded,1.0,5
1.5826895596536539,26.09563408705545,1.0,30.0,1.5826895596536545,0.9502487562189055,2.8654523451059517,3.793225723127345,389.6056998579229,0.0,0.004975124378109453,1.0,0.46377817843662983,0.7069683213566406,-1.2827627854522978,-0.8104955122930171,0.004975124378109453,0.015022742847365727,0.6436126858527538,212.9558876268942,1.0,0.004975124378109453,1.0,0.0011069926078720149,0.9993005623869067,1.5676668168062882,0.9905080925341713,0.004975124378109453,-0.19726571260853704,0.43574878825356844,132.65266811552945,1.0,0.004975124378109453,1.0,-0.09708098966012851,1.061339249423856,1.779955272262191,1.1246395488017913,confounded,1.0,6
1.754184342493023,35.54467200996848,1.0,30.0,1.7541843424930235,0.9552238805970149,2.821385009709125,3.7493923599556753,392.24197923503533,0.0,0.004975124378109453,1.0,0.5271909339874168,0.6994666288959231,-1.0672006672161019,-0.6083742975948644,0.004975124378109453,-0.0879120125673375,0.5625783701236191,194.18457801894417,1.0,0.004975124378109453,1.0,-0.008624321356301638,1.0049164281925151,1.8420963550603604,1.0501156066884043,0.004975124378109453,-0.202596605602795,0.7674091049988282,219.61112552991472,1.0,0.004975124378109453,1.0,-0.05654526003836687,1.0322345027649749,1.956780948095818,1.1154933382399637,confounded,1.0,7
1.737970404358484,23.54140081713384,1.0,30.0,1.7379704043584836,0.8208955223880597,2.5105239883450983,3.7170060551379587,362.5822745806402,0.0,0.004975124378109453,1.0,0.4237541218724266,0.7561787468821474,-0.7725535839866142,-0.44451480994682274,0.004975124378109453,-0.024953343042008278,0.5127215495064908,190.9558086613635,1.0,0.004975124378109453,1.0,-0.018600955134108768,1.010702688082295,1.7629237474004924,1.0143577491189897,0.004975124378109453,0.0629798357382246,0.6113385626989882,183.6827220317785,1.0,0.004975124378109453,1.0,0.04557660382888887,0.9737759609055529,1.6749905686202595,0.9637624233529618,confounded,1.0,8
1.6883392746819423,33.760334028781045,1.0,30.0,1.6883392746819428,0.9154228855721394,2.689668545721878,3.786937319738452,389.06407568211,0.0,0.004975124378109453,1.0,0.4843372922512408,0.7131279835076498,-1.0013292710399357,-0.5930853389811541,0.004975124378109453,0.11383268243932491,0.7999698505000087,214.39733329699092,1.0,0.004975124378109453,1.0,0.023439895272096667,0.9861165965729771,1.5745065922426174,0.9325771282192263,0.004975124378109453,0.13111942977585034,0.8247532869960292,193.32588401732727,1.0,0.004975124378109453,1.0,0.04604280041058401,0.9727289407401497,1.557219844906092,0.9223382220966511,confounded,1.0,9
1.6921672877035687,28.9270007207838,1.0,30.0,1.6921672877035692,0.9552238805970149,2.7730271320940494,3.6101418293131164,395.78842422909275,0.0,0.004975124378109453,1.0,0.46049775181174696,0.7278651140711472,-1.0808598443904807,-0.6387429022205658,0.004975124378109453,0.07934304630848495,0.7327104064200695,179.26387699396722,1.0,0.004975124378109453,1.0,0.006783904170437421,0.995990996741437,1.6128242413950837,0.9531115824747085,0.004975124378109453,0.055125540273974157,0.8988555805596994,230.87744895324872,1.0,0.004975124378109453,1.0,0.015021562332946846,0.9911228857559748,1.6370417474295946,0.9674231143253073,confounded,1.0,10
1.7266750803243747,20.17107170281391,1.0,30.0,1.7266750803243736,0.9154228855721394,2.647729929016067,3.7100339440753696,385.45318201621717,0.0,0.004975124378109453,1.0,0.3734882154482827,0.7836951377220784,-0.9210548486916925,-0.5334268497803666,0.004975124378109453,0.021203535002543402,0.5946700315487046,140.24080378390653,1.0,0.004975124378109453,1.0,0.017958795824644335,0.9895992036780478,1.7054715453218312,0.9877200202608124,0.004975124378109453,0.09516513109856188,0.7318279605927629,141.64610438423892,1.0,0.004975124378109453,1.0,0.0723449334181563,0.9581015940737585,1.6315099492258127,0.9448853277707094,confounded,1.0,11
