n_cells,n_senders,prevalence_real,median_nn_um,lam_true,beta_true,med_d_sender,match_rate,max_smd_before,max_smd_after,smd_pass,u_sender_mean,u_decoy_mean,u_all_mean,lam_naive,beta_naive,se_lam_naive,se_beta_naive,lam_nuis,beta_nuis,se_lam_nuis,lam_decoy,beta_decoy,se_lam_decoy,lam_decoy_scale,beta_decoy_term,lam_decoy_nuis,beta_decoy_nuis,lam_decoyS,beta_decoyS,beta_decoyS_term,lam_decoyS_nuis,beta_decoyS_nuis,lam_naive_bin,beta_naive_bin,lam_decoy_only,beta_decoy_only,beta_true_minus_decoy,ci_lam_naive_iid_lo,ci_lam_naive_iid_hi,ci_lam_nuis_iid_lo,ci_lam_nuis_iid_hi,ci_lam_decoy_iid_lo,ci_lam_decoy_iid_hi,ci_lam_naive_blk_lo,ci_lam_naive_blk_hi,ci_lam_nuis_blk_lo,ci_lam_nuis_blk_hi,ci_lam_decoy_blk_lo,ci_lam_decoy_blk_hi,ci_beta_naive_blk_lo,ci_beta_naive_blk_hi,ci_beta_decoy_blk_lo,ci_beta_decoy_blk_hi,boot_sd_lam_naive,boot_sd_lam_nuis,boot_sd_lam_decoy,ci_lam_decoyS_blk_lo,ci_lam_decoyS_blk_hi,ci_beta_decoyS_blk_lo,ci_beta_decoyS_blk_hi,se_ratio_naive,cover_lam_naive_iid,cover_lam_nuis_iid,cover_lam_decoy_iid,cover_lam_naive_blk,cover_lam_nuis_blk,cover_lam_decoy_blk,cover_beta_naive_blk,cover_beta_decoy_blk,cover_lam_decoyS_blk,cover_beta_decoyS_blk,cover_beta_nuis_blk,bias_lam_naive,relbias_lam_naive,relbias_beta_naive,bias_lam_naive_bin,relbias_lam_naive_bin,relbias_beta_naive_bin,bias_lam_nuis,relbias_lam_nuis,relbias_beta_nuis,bias_lam_decoy,relbias_lam_decoy,relbias_beta_decoy,bias_lam_decoy_nuis,relbias_lam_decoy_nuis,relbias_beta_decoy_nuis,bias_lam_decoyS,relbias_lam_decoyS,relbias_beta_decoyS,bias_lam_decoyS_nuis,relbias_lam_decoyS_nuis,relbias_beta_decoyS_nuis,signal_retained_naive,signal_retained_nuis,signal_retained_decoy,signal_retained_decoy_nuis,signal_retained_decoyS,signal_retained_decoyS_nuis,signal_retained_subtract,decoy_cost_vs_naive,ripley50,sweep,cfg_id,rep,clustering,autocorr_len_um,conf_strength,prevalence,window_um,beta_true_cfg,ell_over_lambda,regime
11747,587,0.04997020515876394,11.763832013471534,30.0,1.0,38.53234436226755,1.0,0.2380938177063837,0.03153430246447864,1.0,0.32763577949848194,0.3403996113267055,0.2670332274747633,61.80486560959744,1.220069233796552,17.2842275612372,0.12772591369392464,37.12779514276333,0.9425686554732152,7.8389316462426475,58.17437230887149,1.1686055409756624,15.867414809039497,399.9999999999999,1.2008181335618069,36.68676101293443,0.939170281014357,71.23904128605815,1.2359558693544725,0.3575540665841926,37.12474972512179,0.9399965611878554,71.29624632940259,1.3477347618118125,399.9999999999999,1.6571427837757062,-0.3094080219638937,27.92777958957253,95.68195162962235,21.763489116127744,52.49210116939892,27.07423928315408,89.2745053345889,32.47446050934521,240.9366768311038,24.508511327990295,60.65837161763171,31.504266532118397,183.11376400201013,1.0151225069850474,2.793816781249557,0.9940527004020022,2.3056776965852195,53.74859997354828,9.90727747396685,45.6434330369017,33.929162209060486,399.9999999999999,0.9979656509828433,3.9815469190602393,3.109690599890538,1.0,1.0,1.0,0.0,1.0,0.0,0.0,1.0,0.0,1.0,1.0,31.804865609597442,1.0601621869865814,0.22006923379655197,41.29624632940259,1.3765415443134197,0.3477347618118125,7.127795142763333,0.23759317142544442,-0.05743134452678478,28.17437230887149,0.9391457436290497,0.16860554097566238,6.686761012934433,0.2228920337644811,-0.060829718985643044,41.23904128605815,1.3746347095352718,0.23595586935447255,7.124749725121788,0.2374916575040596,-0.06000343881214465,1.220069233796552,0.9425686554732152,1.1686055409756624,0.939170281014357,1.2359558693544725,0.9399965611878554,-0.3094080219638937,0.9578190389567095,1.0259302441158804,clean,0,0,0.0,7.5,0.0,0.05,2000.0,1.0,0.25,easy
11737,587,0.050012780097128735,11.725291779113638,30.0,1.0,38.85864090531311,1.0,0.1583252766606682,0.06733569933491497,1.0,0.3094848785920276,0.3554143290184282,0.2836572391509442,34.098863064447485,1.1596210695778608,5.6386112747133605,0.05972206418078273,27.2720624267516,1.0225009724414935,4.409923989213911,33.673859154105,1.151588757297848,5.568570373404924,399.9999999999999,0.8311992720135611,27.25836754628621,1.0223257174765543,36.23161786302044,1.1507097344541801,0.1653602480484435,27.257677325725556,1.0224963294385638,36.440839912926265,1.231963157001854,399.9999999999999,1.0118822647660428,0.2200808922358113,23.047184966009297,45.15054116288567,18.628611407892336,35.91551344561086,22.75946122223135,44.588257085978654,26.373254190016702,47.51010469008335,20.967015413878396,37.175346105841015,26.088922872191514,48.11856015145829,1.0401730109068428,1.319418207478,1.0255099046028908,1.3061470743021915,6.110977863954865,4.271198679677078,5.894983180812288,28.139823582296803,54.099990558626104,1.0321398606064924,1.3127150079179988,1.0837735687437537,1.0,1.0,1.0,1.0,1.0,1.0,0.0,0.0,1.0,0.0,1.0,4.098863064447485,0.13662876881491617,0.15962106957786082,6.440839912926265,0.21469466376420882,0.2319631570018541,-2.7279375732484006,-0.09093125244161335,0.022500972441493516,3.6738591541050027,0.12246197180350009,0.15158875729784804,-2.741632453713791,-0.09138774845712637,0.02232571747655432,6.231617863020439,0.20772059543401464,0.15070973445418012,-2.742322674274444,-0.09141075580914813,0.022496329438563833,1.1596210695778608,1.0225009724414935,1.151588757297848,1.0223257174765543,1.1507097344541801,1.0224963294385638,0.2200808922358113,0.9930733301672962,1.08751583370584,clean,0,1,0.0,7.5,0.0,0.05,2000.0,1.0,0.25,easy
11679,584,0.050004281188457914,11.843913589196196,30.0,1.0,38.816427870123725,1.0,0.16270807851529576,0.10497548228452584,0.0,0.3909896602756107,0.3441010265545628,0.2806066204250649,32.10629614057915,1.1455209106068056,4.992760036382656,0.06278256242856782,20.724327303261198,1.0776092011244265,2.9860737823088237,31.814895915241927,1.1445618611032513,4.936988245248064,19.158486487496916,0.08123307087407876,20.70282962060382,1.0779425700629663,31.61205892391021,1.143937533839568,0.06646082709906659,20.676932087382564,1.10517882201787,32.24114456704747,1.111624321946682,399.9999999999999,0.36214234353635477,0.7494819784103272,22.32048646926914,41.89210581188915,14.871622689935904,26.577031916586492,22.138398954555722,41.49139287592813,19.24205571352236,80.74079101827998,14.424653010327614,33.21764715873003,19.063317774301023,79.5710278069705,0.9979476730597581,1.4343442191997113,0.998143533472029,1.4372559683893769,14.766268983227949,4.8407550674659285,14.58380758820974,18.960690742916643,77.57012048416071,0.9989925188418212,1.4242115475794648,2.9575362876695306,1.0,0.0,1.0,1.0,1.0,1.0,1.0,1.0,1.0,1.0,1.0,2.106296140579147,0.07020987135263823,0.1455209106068056,2.2411445670474706,0.07470481890158236,0.11162432194668193,-9.275672696738802,-0.3091890898912934,0.07760920112442649,1.8148959152419266,0.06049653050806422,0.1445618611032513,-9.297170379396182,-0.30990567931320606,0.07794257006296634,1.6120589239102117,0.05373529746367372,0.1439375338395681,-9.323067912617436,-0.3107689304205812,0.10517882201786999,1.1455209106068056,1.0776092011244265,1.1445618611032513,1.0779425700629663,1.143937533839568,1.10517882201787,0.7494819784103272,0.9991627830669225,1.099842323517692,clean,0,2,0.0,7.5,0.0,0.05,2000.0,1.0,0.25,easy
11808,590,0.049966124661246614,11.75043923078033,30.0,1.0,38.448592420489575,1.0,0.20008045009173628,0.060086346033595084,1.0,0.3798043281289306,0.362448143092177,0.275077307668901,54.116916683132374,1.1744763954672381,11.318708402363162,0.07982291849994762,35.32052353742584,0.9292203017967566,6.627147935871312,50.07691601768349,1.1715738710732932,9.880639467043562,399.9999999999999,1.066512537705434,34.97391921530237,0.9361226164390227,54.31028152555949,1.1826996611763052,0.29241144701665905,34.960860383022364,0.9361827688688455,50.766405624868625,1.181814994272682,284.0808787580914,0.8279941819949032,0.35382081227777895,31.932248214500575,76.30158515176417,22.33131358311807,48.30973349173361,30.710862662278107,69.44296937308887,31.97591773732836,97.58204620829378,22.012941234591736,74.68946536620926,31.450724063623376,82.99145751639531,1.0278304626537274,1.5046105751567986,1.0303698565271915,1.4760661618227642,17.162523377507156,14.125941851759231,14.323108505437247,33.27476102268003,102.55384743231986,1.0326767407430952,1.5385604869887743,1.5162969808396072,0.0,1.0,0.0,0.0,1.0,0.0,0.0,0.0,0.0,0.0,1.0,24.116916683132374,0.8038972227710791,0.17447639546723814,20.766405624868625,0.6922135208289542,0.1818149942726821,5.320523537425842,0.1773507845808614,-0.07077969820324337,20.076916017683487,0.6692305339227829,0.17157387107329325,4.973919215302367,0.16579730717674554,-0.06387738356097727,24.31028152555949,0.8103427175186496,0.1826996611763052,4.960860383022364,0.16536201276741214,-0.06381723113115445,1.1744763954672381,0.9292203017967566,1.1715738710732932,0.9361226164390227,1.1826996611763052,0.9361827688688455,0.35382081227777895,0.9975286651948504,1.0940646463848598,clean,0,3,0.0,7.5,0.0,0.05,2000.0,1.0,0.25,easy
11661,583,0.049995712203070065,11.776547137923277,30.0,1.0,38.404166559299426,1.0,0.16213775958813653,0.0897998458234592,1.0,0.34472122080779816,0.36414696891182374,0.27467254651854733,44.6324894436036,1.1871343604932154,8.585181584967769,0.06332148649534655,33.12916648353742,1.0060146675999158,5.782447266635156,44.524857536057155,1.1870875869547455,8.548909137715738,399.9999999999999,0.2545956255192108,33.16652231825325,1.0037656868486853,45.159507884511946,1.194279344957643,0.04451565219562004,32.68426488445057,1.0080488352396402,53.01769926868079,1.2507934931203997,399.9999999999999,0.41506847567430344,0.8357250174460962,27.805533537066776,61.45944535014043,21.79556984093251,44.46276312614232,27.76899562613431,61.28071944598,29.895671690217203,84.0928686631385,23.759999819451544,54.33238207705404,29.880966756489574,84.48394798099733,1.0663444671793842,1.5071263955361214,1.0631137623675415,1.5164879868202665,13.633772017057813,7.419987883203897,13.73261913161352,30.165831854731945,82.64778097650176,1.0654141490861655,1.507122198009368,1.5880586662173668,1.0,1.0,1.0,1.0,1.0,1.0,0.0,0.0,0.0,0.0,1.0,14.632489443603603,0.4877496481201201,0.1871343604932154,23.017699268680794,0.7672566422893597,0.25079349312039967,3.1291664835374178,0.10430554945124726,0.006014667599915757,14.524857536057155,0.4841619178685718,0.18708758695474548,3.16652231825325,0.10555074394177501,0.003765686848685279,15.159507884511946,0.5053169294837315,0.19427934495764299,2.6842648844505703,0.08947549614835235,0.008048835239640173,1.1871343604932154,1.0060146675999158,1.1870875869547455,1.0037656868486853,1.194279344957643,1.0080488352396402,0.8357250174460962,0.9999605996254287,1.019170666822378,clean,0,4,0.0,7.5,0.0,0.05,2000.0,1.0,0.25,easy
11739,587,0.050004259306584885,11.759071693550188,30.0,1.0,38.890749027564965,1.0,0.24953303027971993,0.0621152772246003,1.0,0.3783456153608142,0.3049912967497361,0.28573496349176875,41.85200329956097,1.1149451938195938,8.115929130661495,0.05937877016229211,35.47381833149302,0.9789731193258614,6.597730787862463,41.39957222378644,1.1185347698240045,7.940497672319178,399.9999999999999,0.49401691911454315,35.50405704404302,0.9765817459676015,42.85164585555711,1.1211403079804723,0.10596673512416635,35.5983935402321,0.976819388255141,38.85152763379869,1.1130067605235505,399.9999999999999,0.48660469133187767,0.6264020691916729,25.944782203464438,57.7592243956575,22.542265987282594,48.40537067570345,25.836196786040855,56.96294766153203,26.272935008870522,76.15543193540168,23.774103282845886,57.91833275494828,26.179106619641455,75.33425265221719,1.007593123001159,1.3493204186546341,1.0170061548146707,1.3465540801716702,12.400831465993278,8.96827503502154,12.067491300924914,26.79081473930689,79.4086290784945,1.0118478758833254,1.3857041397772578,1.5279620196711277,1.0,1.0,1.0,1.0,1.0,1.0,0.0,0.0,1.0,0.0,1.0,11.85200329956097,0.3950667766520323,0.11494519381959378,8.851527633798689,0.29505092112662296,0.11300676052355052,5.473818331493021,0.18246061104976738,-0.021026880674138604,11.399572223786443,0.37998574079288144,0.11853476982400446,5.504057044043023,0.18346856813476745,-0.0234182540323985,12.85164585555711,0.42838819518523696,0.12114030798047226,5.598393540232102,0.18661311800773675,-0.02318061174485897,1.1149451938195938,0.9789731193258614,1.1185347698240045,0.9765817459676015,1.1211403079804723,0.976819388255141,0.6264020691916729,1.003219508926814,1.1218303618577319,clean,0,5,0.0,7.5,0.0,0.05,2000.0,1.0,0.25,easy
11860,593,0.05,11.688174698372427,30.0,1.0,37.8278005348245,1.0,0.1557480748416051,0.022771864459209236,1.0,0.3644055800231726,0.3767840436959782,0.27963466762630734,37.287049267481606,1.168378063375354,6.853737637210319,0.058723977501236015,30.514242917523333,1.0035302705789153,5.447921150661313,37.26686050034208,1.1626553884023392,6.876834082275919,399.9999999999999,0.8233547062106814,30.491281820468274,1.0015768505216893,40.68421170945727,1.1733048331848048,0.18416070846538282,30.398906813599222,1.0031026562151604,36.41496264804068,1.1937234549632036,399.9999999999999,1.0317465024254857,0.16197695253771793,23.853723498549382,50.72037503641383,19.83631746222716,41.19216837281951,23.788265699081276,50.745455301602874,25.6871560406778,69.69030025399402,22.746734662958836,44.775272465364296,25.57360031639554,66.85049178539748,1.051997431891991,1.3871578016549804,1.048968929182884,1.3857522880598365,19.477705399580167,6.158990517121524,19.30930548591303,27.052257867026352,84.2066053098518,1.0488808368071518,1.5064763180638916,2.8419099811804567,1.0,1.0,1.0,1.0,1.0,1.0,0.0,0.0,1.0,0.0,1.0,7.287049267481606,0.24290164224938687,0.168378063375354,6.414962648040678,0.2138320882680226,0.19372345496320365,0.5142429175233332,0.017141430584111106,0.0035302705789153066,7.2668605003420765,0.24222868334473588,0.16265538840233917,0.4912818204682736,0.016376060682275786,0.0015768505216893214,10.684211709457273,0.3561403903152424,0.17330483318480483,0.398906813599222,0.013296893786640732,0.003102656215160371,1.168378063375354,1.0035302705789153,1.1626553884023392,1.0015768505216893,1.1733048331848048,1.0031026562151604,0.16197695253771793,0.9951020349042822,0.9417289928003889,clean,0,6,0.0,7.5,0.0,0.05,2000.0,1.0,0.25,easy
12035,602,0.050020772746157044,11.656408947329348,30.0,1.0,37.80018175165398,1.0,0.22720936747439105,0.08607587625468086,1.0,0.38262862660420177,0.3365614418243735,0.27463875273784477,48.802628563770305,1.29783372879934,10.100272637178174,0.0794382301743681,31.584711169025052,1.0475817463084007,5.508284685507665,46.68964539212916,1.282256637958468,9.401113468902563,99.57035020338009,0.2531582529585553,31.541083437068213,1.0486325583973857,47.69509992657069,1.2946499105516533,0.19194709335206409,31.308092535325034,1.0489242731922153,58.791094225533264,1.4048755331252174,399.9999999999999,0.8383596818085026,0.5665158513167148,29.006094194901085,68.59916293263953,20.78847318543003,42.380949152620076,28.263462993080132,65.11582779117819,33.94769195314879,87.91676643393414,23.652633567823006,46.86585932482144,33.30577181754184,81.54266874261818,1.1596744756206563,1.6324557810115747,1.1464516168458183,1.6009074584280076,15.582668765652334,5.991630597611796,13.853057985540397,33.20551126180685,86.19995394555755,1.1518565858311818,1.5941236461187809,1.5427968457300811,1.0,1.0,1.0,0.0,1.0,0.0,0.0,0.0,0.0,0.0,1.0,18.802628563770305,0.6267542854590101,0.29783372879934,28.791094225533264,0.9597031408511089,0.4048755331252174,1.5847111690250522,0.052823705634168404,0.04758174630840073,16.689645392129158,0.5563215130709719,0.2822566379584679,1.5410834370682132,0.051369447902273775,0.04863255839738567,17.69509992657069,0.589836664219023,0.29464991055165335,1.3080925353250343,0.04360308451083448,0.04892427319221526,1.29783372879934,1.0475817463084007,1.282256637958468,1.0486325583973857,1.2946499105516533,1.0489242731922153,0.5665158513167148,0.9879976221181408,1.007652702380216,clean,0,7,0.0,7.5,0.0,0.05,2000.0,1.0,0.25,easy
11811,591,0.05003810007620015,11.809946098210649,30.0,1.0,38.811685743731864,1.0,0.2820512216180319,0.052255859859479205,1.0,0.38135448537498134,0.45093474235076275,0.27654811849653393,34.1300579423228,1.0943010922539855,5.678550947767684,0.059842988266143364,24.119038742744817,1.0566641665413115,3.5889767101286054,32.41772749219536,1.0970302666966822,5.270534490064177,399.9999999999999,0.810287506035844,24.092342286597326,1.0605757769746023,34.00386718154529,1.0940408324911635,0.20244702339406234,23.96938756343899,1.0599696291554253,38.273082438460456,1.1038308113017807,399.9999999999999,1.043118868501403,0.06071194280037773,23.000098084698138,45.26001779994746,17.08464439089275,31.153433094596885,22.087479891669574,42.74797509272115,23.37030657849185,62.464691502492016,17.284413255339764,33.751788325686526,22.025005317217968,56.4884972132431,0.9693401382941719,1.2760933256517384,0.9626049618377672,1.2745792825565403,9.881323551053782,4.3665269729197185,8.838177889016315,22.906300916325655,62.56484563267707,0.9690161738881983,1.2758578139306105,1.7401135680464863,1.0,1.0,1.0,1.0,1.0,1.0,1.0,1.0,1.0,1.0,1.0,4.1300579423228,0.13766859807742668,0.09430109225398553,8.273082438460456,0.27576941461534854,0.10383081130178073,-5.8809612572551835,-0.19603204190850612,0.056664166541311456,2.417727492195361,0.08059091640651203,0.09703026669668224,-5.907657713402674,-0.19692192378008913,0.06057577697460226,4.003867181545289,0.13346223938484295,0.09404083249116346,-6.030612436561011,-0.2010204145520337,0.05996962915542525,1.0943010922539855,1.0566641665413115,1.0970302666966822,1.0605757769746023,1.0940408324911635,1.0599696291554253,0.06071194280037773,1.002493988594195,1.0301020135057175,clean,0,8,0.0,7.5,0.0,0.05,2000.0,1.0,0.25,easy
11692,585,0.05003421142661649,11.84146350796175,30.0,1.0,38.19677214617609,1.0,0.15125943906982087,0.04943883388244774,1.0,0.32759826030291456,0.3563384644805401,0.27612765412894,39.43507156701398,1.091402330236964,8.051059291467915,0.05902141728918781,30.032420330060063,0.9269203944835037,5.716819010396142,39.559764371861924,1.0906726602413446,8.100856319357895,150.33920315060246,0.2008559589495299,29.954270021338548,0.9259572165634784,40.06329927271588,1.0906389614044365,0.11052726011796225,30.022477288376063,0.9262909122587635,41.799059678329094,1.1421020673362225,212.90509922946907,0.29239841858203297,0.8497036487541896,23.654995355736865,55.21514777829109,18.827455069683623,41.2373855904365,23.68208598592045,55.437442757803396,27.41771140020436,69.58717213534334,21.129683015155244,46.91362682705645,27.449589737347402,72.47702075419198,0.9959870324915483,1.287940493203672,0.9967998683914621,1.2881040885886907,11.400831436099452,6.750881883308822,11.726568558014216,27.555433469423942,71.26415530877996,0.9966769465025788,1.2888502834552862,1.4160660135966763,1.0,1.0,1.0,1.0,1.0,1.0,1.0,1.0,1.0,1.0,1.0,9.435071567013978,0.3145023855671326,0.09140233023696398,11.799059678329094,0.3933019892776365,0.14210206733622255,0.03242033006006295,0.001080677668668765,-0.07307960551649628,9.559764371861924,0.31865881239539745,0.09067266024134457,-0.04572997866145201,-0.0015243326220484002,-0.0740427834365216,10.06329927271588,0.3354433090905294,0.0906389614044365,0.022477288376062887,0.0007492429458687629,-0.07370908774123652,1.091402330236964,0.9269203944835037,1.0906726602413446,0.9259572165634784,1.0906389614044365,0.9262909122587635,0.8497036487541896,0.9993314381182776,0.9738358365807904,clean,0,9,0.0,7.5,0.0,0.05,2000.0,1.0,0.25,easy
11811,591,0.05003810007620015,11.75968686244549,30.0,1.0,39.03506367770494,0.9983079526226735,0.2572686188448561,0.05219875305755345,1.0,0.3370568298942802,0.34093466249383014,0.2791637244049141,47.16999069726633,1.2605276291608563,7.95793574386862,0.06219642227889056,31.459476694606227,1.0441595704939723,4.94237180760983,45.956672090969704,1.259217049336457,7.613274157333138,89.82443253995854,0.32848226457823526,31.43380472100299,1.0466250183887735,46.69248425337258,1.2599556734496071,0.26352884483942246,31.517833992988727,1.0432609537465503,60.17350531774052,1.423676536622291,399.9999999999999,1.4601811426372222,-0.03650460601493122,31.572436639283833,62.76754475524882,21.772427951690958,41.1465254375215,31.034654742596754,60.87868943934265,32.781866027301874,73.29570742104833,23.189701839436133,44.73862011956367,31.806382255420033,72.15853231660226,1.097570012835319,1.534351272789701,1.0986634076201118,1.5205903986359512,11.299428067973418,5.746078559827687,10.770687831162276,32.3893243632181,72.63881509093551,1.100761285980352,1.5137311805916702,1.4198943584935741,0.0,1.0,0.0,0.0,1.0,0.0,0.0,0.0,0.0,0.0,1.0,17.16999069726633,0.5723330232422109,0.26052762916085626,30.17350531774052,1.0057835105913506,0.423676536622291,1.4594766946062272,0.04864922315354091,0.044159570493972344,15.956672090969704,0.5318890696989901,0.25921704933645695,1.4338047210029892,0.04779349070009964,0.04662501838877353,16.692484253372577,0.5564161417790859,0.2599556734496071,1.5178339929887272,0.05059446643295758,0.04326095374655026,1.2605276291608563,1.0441595704939723,1.259217049336457,1.0466250183887735,1.2599556734496071,1.0432609537465503,-0.03650460601493122,0.9989602926631035,1.2365674699675064,clean,0,10,0.0,7.5,0.0,0.05,2000.0,1.0,0.25,easy
11776,589,0.050016983695652176,11.790599029375144,30.0,1.0,39.179447518362586,1.0,0.14514915499726186,0.038659687552338465,1.0,0.41120441773140837,0.4393445135178836,0.27519582008098914,34.9085031491567,1.1877609006452123,5.727614801607686,0.05950892516548848,26.235251872841882,1.0818633056851032,3.971794374970279,34.40597201845471,1.1872142656875564,5.600491370080676,399.9999999999999,1.0253472306989975,26.072082997328526,1.0826553845561795,36.259381739628054,1.1852432491551206,0.2515331648239653,26.24633130051163,1.0827024896737403,38.47608767360772,1.2091081518843716,399.9999999999999,1.2227972701222576,-0.013689118237885989,23.68237813800564,46.13462816030776,18.450534897900134,34.01996884778363,23.429008933096586,45.38293510381284,23.023929845380373,65.77755200547645,18.69793716176363,38.423516972612695,22.68296311461025,62.69772378513209,1.0383731688012043,1.4102751125348643,1.036166729736779,1.3994643897278218,11.291545485692907,5.332554052422059,10.610663259588298,23.599176917273304,70.02500359077186,1.03300513672519,1.4154787694081792,1.9714219403377964,1.0,1.0,1.0,1.0,1.0,1.0,0.0,0.0,1.0,0.0,1.0,4.908503149156701,0.1636167716385567,0.18776090064521234,8.476087673607722,0.2825362557869241,0.2091081518843716,-3.764748127158118,-0.12549160423860392,0.08186330568510325,4.405972018454712,0.1468657339484904,0.1872142656875564,-3.9279170026714745,-0.13093056675571582,0.08265538455617949,6.259381739628054,0.2086460579876018,0.18524324915512058,-3.753668699488369,-0.12512228998294564,0.08270248967374028,1.1877609006452123,1.0818633056851032,1.1872142656875564,1.0826553845561795,1.1852432491551206,1.0827024896737403,-0.013689118237885989,0.9995397769388107,1.1243957074678659,clean,0,11,0.0,7.5,0.0,0.05,2000.0,1.0,0.25,easy
11724,586,0.049982940975776186,11.776329475204307,30.0,1.0,38.32941175849404,1.0,0.23306922216457773,0.061372683965712764,1.0,0.3902644169629959,0.3831420241356854,0.27779644622305283,77.2161190486676,1.6342531843680344,20.236450363793004,0.20051630437876192,30.701530539133408,1.1117118249189986,4.969534980960475,67.78083125799738,1.5385364733161189,16.149243331143776,399.9999999999999,1.1675346525396213,30.60163041245182,1.1126365833765899,77.8090676318932,1.6075603864295092,0.3495546380535085,30.791616961821497,1.1124994768161836,65.69371254403951,1.5495689974788973,399.9999999999999,1.8671846525887255,-0.31761565510982814,37.55267633563331,116.87956176170188,20.96124197645088,40.44181910181594,36.12831432895558,99.43334818703917,40.00630203852143,219.30766232791834,23.001366585189793,43.25001350253821,37.210841300946825,166.9817268941583,1.2634939623348929,3.151826240897757,1.2468717671140221,2.5332821437224946,49.52052941258053,4.963218938093963,35.721958752225554,41.90369663909341,190.923376741605,1.252595074486847,2.750789404824505,2.4470956379376942,0.0,1.0,0.0,0.0,1.0,0.0,0.0,0.0,0.0,0.0,0.0,47.21611904866759,1.5738706349555864,0.6342531843680344,35.69371254403951,1.1897904181346504,0.5495689974788973,0.7015305391334081,0.023384351304446938,0.11171182491899856,37.78083125799738,1.259361041933246,0.5385364733161189,0.6016304124518186,0.020054347081727285,0.11263658337658988,47.8090676318932,1.5936355877297734,0.6075603864295092,0.7916169618214965,0.02638723206071655,0.11249947681618355,1.6342531843680344,1.1117118249189986,1.5385364733161189,1.1126365833765899,1.6075603864295092,1.1124994768161836,-0.31761565510982814,0.9414309166000315,1.0922130987844851,clean,0,12,0.0,7.5,0.0,0.05,2000.0,1.0,0.25,easy
11799,590,0.05000423764725824,11.738459597223569,30.0,1.0,38.20040541002943,1.0,0.17310389327761982,0.035493394808961895,1.0,0.3297672050960656,0.35314888411594664,0.2722549714883563,49.9933316056611,1.2500425759967129,9.959420000022613,0.07583215690081267,28.88398233784654,1.020539199693457,4.738211972771932,49.30476390877359,1.2382187159723703,9.79610675636018,69.4313486839866,0.21232556006605952,28.858717384250696,1.0183153449404811,49.56536353911688,1.2387836351818657,0.19131882042305165,28.926913871113356,1.0196552383795434,47.1217120345424,1.2376583786754338,399.9999999999999,0.6715005086732225,0.5661578700022113,30.472868405616776,69.51379480570542,19.597086871213556,38.170877804479524,30.104394666307634,68.50513315123953,35.146474928964544,89.88561384359045,22.782644156532324,38.14288782714464,34.91111372627934,86.04249733984344,1.1111203080307155,1.6423020651103544,1.1080925196123583,1.62463680195129,13.990199149798102,3.9578797801040086,13.188367217115216,35.4376151523316,82.35147653364214,1.1064510330308337,1.5760835744471569,1.4047202698316104,0.0,1.0,0.0,0.0,1.0,0.0,0.0,0.0,0.0,0.0,1.0,19.993331605661098,0.6664443868553699,0.25004257599671287,17.121712034542398,0.5707237344847466,0.23765837867543382,-1.1160176621534603,-0.03720058873844868,0.020539199693456967,19.304763908773587,0.6434921302924529,0.23821871597237032,-1.1412826157493043,-0.038042753858310144,0.01831534494048115,19.56536353911688,0.6521787846372293,0.23878363518186574,-1.0730861288866436,-0.03576953762955479,0.019655238379543416,1.2500425759967129,1.020539199693457,1.2382187159723703,1.0183153449404811,1.2387836351818657,1.0196552383795434,0.5661578700022113,0.9905412341536328,1.0365096711359474,clean,0,13,0.0,7.5,0.0,0.05,2000.0,1.0,0.25,easy
11816,591,0.05001692620176033,11.741536036979426,30.0,1.0,38.79555468586348,0.9966159052453468,0.262850848158073,0.05417344967898069,1.0,0.39420474241687703,0.3096254226312785,0.2596925779993583,37.1852216600854,1.1005449170887587,6.705624986515447,0.05792158920643007,27.38958428775303,0.9671468585300079,4.635054381823932,36.73558159088711,1.098470711962571,6.596124273751894,399.9999999999999,0.3057619271400768,27.49738165953714,0.9629725124087072,37.27393385742315,1.0994083958183125,0.06918900222823017,27.911482561304414,0.9627751203749342,37.46330360216377,1.0907625152553897,399.9999999999999,0.3891066118600089,0.7016559033953809,24.042196686515126,50.32824663365568,18.304877699378125,36.47429087612794,23.807178014333395,49.66398516744082,24.075332451875127,61.29029149611573,17.997288678673158,42.15946339026487,24.08736127902994,60.516923159675635,0.9989126212129824,1.2578579051580876,0.9947105295763135,1.2530327951237528,9.896144857095717,6.331619254591764,9.602498232245589,24.13835121913681,61.329050430662065,0.9898804459523964,1.2542940711539616,1.4757975396769407,1.0,1.0,1.0,1.0,1.0,1.0,1.0,1.0,1.0,1.0,1.0,7.1852216600854035,0.23950738866951346,0.10054491708875868,7.463303602163769,0.2487767867387923,0.0907625152553897,-2.6104157122469687,-0.08701385707489896,-0.032853141469992075,6.735581590887108,0.2245193863629036,0.09847071196257096,-2.5026183404628597,-0.08342061134876198,-0.03702748759129282,7.2739338574231525,0.2424644619141051,0.09940839581831251,-2.088517438695586,-0.06961724795651954,-0.03722487962506582,1.1005449170887587,0.9671468585300079,1.098470711962571,0.9629725124087072,1.0994083958183125,0.9627751203749342,0.7016559033953809,0.9981152926209731,1.1868763005340033,clean,0,14,0.0,7.5,0.0,0.05,2000.0,1.0,0.25,easy
11772,589,0.0500339789330615,11.699941746826752,30.0,1.0,37.694786251607326,1.0,0.18344146178570928,0.055948651490025994,1.0,0.36967845689267487,0.3066366555306988,0.2862179324516369,35.46300010114606,1.1067557409772824,6.474130472849546,0.05858437244209029,31.247719362265332,1.0088727341373025,5.467655042234229,35.35159759546058,1.1076832256266615,6.434031365765619,142.79219441275728,0.2862305336815001,31.361283606428003,1.0067823950492913,36.35737933196434,1.1082091761415946,0.16678443908104906,31.459003150796356,1.0067507505062554,41.31851685066247,1.1409034370328015,182.30228295266724,0.38228966976574646,0.758613767267055,22.773704374360946,48.15229582793117,20.531115479486246,41.96432324504442,22.74089611855997,47.96229907236119,25.55341381337871,56.125433221484364,22.765282189457494,45.89910260508337,25.366340281315768,56.20959350361038,1.0101481090935216,1.2548035825595576,1.0101963216624197,1.2670257497353832,8.398849537463294,6.032269287051951,8.124454063034442,26.020208139872164,59.52279957086548,1.0100644693710992,1.2669658084868138,1.2972938331541835,1.0,1.0,1.0,1.0,1.0,1.0,0.0,0.0,1.0,0.0,1.0,5.463000101146058,0.18210000337153526,0.10675574097728235,11.31851685066247,0.3772838950220823,0.1409034370328015,1.2477193622653324,0.04159064540884441,0.008872734137302496,5.351597595460582,0.17838658651535275,0.10768322562666155,1.3612836064280032,0.04537612021426677,0.006782395049291345,6.357379331964339,0.21191264439881127,0.10820917614159464,1.459003150796356,0.04863343835987853,0.0067507505062553985,1.1067557409772824,1.0088727341373025,1.1076832256266615,1.0067823950492913,1.1082091761415946,1.0067507505062554,0.758613767267055,1.0008380210872547,0.9651535407683142,clean,0,15,0.0,7.5,0.0,0.05,2000.0,1.0,0.25,easy
11912,596,0.050033579583613166,11.728359287121965,30.0,1.0,37.62448851550393,1.0,0.15423517185594987,0.0511847164080732,1.0,0.3782437320612129,0.4248299395031275,0.27250475553689535,53.70750996523353,1.4137868012847241,11.599595506349797,0.10149107838223115,29.06103331121774,1.1007239118447396,4.807473227187294,51.98378473991108,1.3856431065859842,11.070090061978698,399.9999999999999,1.0063035640734153,29.06403481296161,1.0976904975776347,60.62132559612958,1.4499277195793747,0.27399910082600376,28.85146985869592,1.097973432720384,50.314451203823666,1.3744556854036991,399.9999999999999,1.2611095728641855,0.11334611253951365,30.972302772787927,76.44271715767913,19.638385785930645,38.48368083650484,30.286408218432832,73.68116126138932,33.599700340829486,118.26254408968634,20.840249025969655,42.366012650890085,33.57258648839409,111.62067317761995,1.239391108704392,2.003050838691773,1.2288365556006682,1.9169620312188063,21.955491367672877,5.875978261706353,19.800019736094413,36.98107837173113,148.7207138550225,1.2509245427711988,2.2911411648767825,1.8927807746101237,0.0,1.0,0.0,0.0,1.0,0.0,0.0,0.0,0.0,0.0,1.0,23.707509965233527,0.7902503321744508,0.4137868012847241,20.314451203823666,0.6771483734607888,0.3744556854036991,-0.9389666887822585,-0.031298889626075285,0.10072391184473961,21.98378473991108,0.7327928246637027,0.3856431065859842,-0.9359651870383914,-0.03119883956794638,0.0976904975776347,30.62132559612958,1.0207108532043194,0.4499277195793747,-1.1485301413040787,-0.03828433804346929,0.09797343272038406,1.4137868012847241,1.1007239118447396,1.3856431065859842,1.0976904975776347,1.4499277195793747,1.097973432720384,0.11334611253951365,0.9800933955012415,1.008098374045351,clean,0,16,0.0,7.5,0.0,0.05,2000.0,1.0,0.25,easy
11819,591,0.050004230476351635,11.784961858313808,30.0,1.0,38.444166464751376,1.0,0.1820935826335612,0.03543627091001606,1.0,0.3927387546727297,0.2766527834950918,0.27617630943361227,34.21542542462968,1.0997173635508426,6.18218322749166,0.06048253186212518,25.427140338741154,0.990947375568981,4.310093882402061,34.00113377482027,1.0990987311895786,6.131870130405335,399.9999999999999,0.1889853539353527,25.477763841977463,0.969763341714067,34.35660771677628,1.0997136945332748,0.016463846584550218,24.758483260405463,0.9848344649648617,31.045707547529236,1.1337381830922,399.9999999999999,0.34234161428627424,0.7913965688059257,22.098346298746023,46.332504550513335,16.979356329233113,33.874924348249195,21.982668319225812,46.01959923041473,24.758899283379733,70.34753275244219,19.450961535101207,35.70320047309535,24.61277641785364,66.75729583474893,0.9779996633905045,1.3684566040024928,0.9767263712627301,1.351598859995998,20.773226707241093,4.4151067045189905,16.176620524470895,24.802369109626245,78.27330902731673,0.9782068096745464,1.3831186674120484,3.360176485042414,1.0,1.0,1.0,1.0,1.0,1.0,1.0,1.0,1.0,1.0,1.0,4.215425424629679,0.1405141808209893,0.0997173635508426,1.0457075475292363,0.03485691825097455,0.13373818309219998,-4.572859661258846,-0.15242865537529487,-0.009052624431018952,4.001133774820268,0.13337112582734226,0.09909873118957857,-4.522236158022537,-0.15074120526741788,-0.030236658285933027,4.356607716776281,0.14522025722587603,0.09971369453327483,-5.2415167395945375,-0.17471722465315126,-0.015165535035138289,1.0997173635508426,0.990947375568981,1.0990987311895786,0.969763341714067,1.0997136945332748,0.9848344649648617,0.7913965688059257,0.9994374624046432,1.068252239513944,clean,0,17,0.0,7.5,0.0,0.05,2000.0,1.0,0.25,easy
11857,593,0.05001265075482837,11.712091651472488,30.0,1.0,37.979013100817724,0.9983136593591906,0.18857033688835537,0.034135959154064664,1.0,0.3127990498838664,0.3797582202373851,0.26964913647687244,36.7361134816543,1.176408469334174,6.135290338239576,0.056406211137277465,26.055335503238314,1.0367711744934525,4.063291742453475,35.1667559036874,1.1675904700797703,5.783650004832569,37.42331776750649,0.17877941786794926,25.966053923757432,1.0380194445365698,35.25444903629262,1.167801077832913,0.17901145390995496,25.742205890004936,1.037077643906396,38.91484104894443,1.1710384820181996,399.9999999999999,1.0224712833868992,0.1485671986313004,24.71094441870473,48.76128254460387,18.091283688029502,34.01938731844712,23.83080189421557,46.50270991315924,24.116403452099103,65.30523303826692,19.032941666238514,38.65537214243417,23.37660532053465,61.50549599690325,1.0826331880599576,1.3581148938412955,1.0689858825526346,1.3326071734894733,10.12120652441202,5.003556610991544,9.303976216759347,23.90594786497629,62.204761156769436,1.0718214111593714,1.333732393621499,1.6496703442589058,1.0,1.0,1.0,1.0,1.0,1.0,0.0,0.0,1.0,0.0,1.0,6.7361134816543,0.22453711605514334,0.1764084693341741,8.914841048944432,0.2971613682981477,0.1710384820181996,-3.9446644967616855,-0.13148881655872285,0.03677117449345246,5.1667559036874025,0.1722251967895801,0.16759047007977035,-4.033946076242568,-0.1344648692080856,0.0380194445365698,5.25444903629262,0.175148301209754,0.1678010778329131,-4.257794109995064,-0.1419264703331688,0.03707764390639601,1.176408469334174,1.0367711744934525,1.1675904700797703,1.0380194445365698,1.167801077832913,1.037077643906396,0.1485671986313004,0.992504304853063,1.0191840249434885,clean,0,18,0.0,7.5,0.0,0.05,2000.0,1.0,0.25,easy
11813,591,0.0500296283755185,11.724508804331453,30.0,1.0,37.807550409275436,1.0,0.20357018047835657,0.04314246064107841,1.0,0.3814932285116381,0.3788825244879625,0.2777673859719058,51.50216793335819,1.2343217531970434,11.154439945281835,0.08406451681427035,28.802435080251588,0.9543508737549459,5.233795104712723,47.86227447317292,1.2244170631610771,9.822057683659185,399.9999999999999,0.7876759711867048,28.94574853733106,0.9454313146319998,54.48940056009819,1.2518500841758577,0.176895359639014,28.560185199198347,0.9449548872155579,60.81628976291988,1.2790526786689689,399.9999999999999,0.736173027123476,0.5428796515454929,29.639465640605792,73.36487022611058,18.544196675014653,39.06067348548852,28.611041413200915,67.11350753314491,33.31139353852238,100.50848286140015,21.084554310674246,39.67413034042483,32.372865771148746,82.14529261018056,1.0724667426480194,1.6544590430226926,1.0775739111620948,1.5284224900971861,16.921001505468404,4.884107759032135,12.656459373827508,35.18639182721766,101.94864421227419,1.0832612446321797,1.7105991962631126,1.5169745490113773,1.0,1.0,1.0,0.0,1.0,0.0,0.0,0.0,0.0,0.0,1.0,21.502167933358187,0.7167389311119395,0.2343217531970434,30.81628976291988,1.027209658763996,0.2790526786689689,-1.1975649197484124,-0.03991883065828041,-0.04564912624505413,17.862274473172917,0.5954091491057639,0.22441706316107712,-1.0542514626689403,-0.03514171542229801,-0.05456868536800019,24.48940056009819,0.816313352003273,0.25185008417585775,-1.4398148008016527,-0.047993826693388426,-0.05504511278444213,1.2343217531970434,0.9543508737549459,1.2244170631610771,0.9454313146319998,1.2518500841758577,0.9449548872155579,0.5428796515454929,0.991975601166947,0.9863239725966212,clean,0,19,0.0,7.5,0.0,0.05,2000.0,1.0,0.25,easy
11882,594,0.049991583908432925,11.761389568007719,30.0,1.0,38.42925570918976,1.0,0.17812517120490848,0.0375482276425312,1.0,0.37757147659211776,0.43123031287841224,0.26844880270116916,34.97066079133556,1.1364261240277276,6.067124621197963,0.0582329409511579,25.053684704354662,0.9876950307359468,4.086790853330145,33.92947532895858,1.1383627200721032,5.781467073622518,399.9999999999999,0.6993982216908099,25.187367937211835,0.9833321141850943,35.89398249849262,1.137186882551144,0.15070305326802044,25.24291000273846,0.9832600090620346,39.3199371440989,1.1814946136902058,399.9999999999999,0.8582979667976557,0.3231966468925501,23.079096533787556,46.862225048883566,17.04357463182758,33.06379477688175,22.597799864658448,45.261150793258714,24.483995861601592,62.50902253114231,18.522531000138297,40.012760393933306,24.111393449534607,60.65932744443984,1.0400906074721459,1.3156301149089868,1.0397519008946274,1.3136709148239405,11.395987199034069,5.689459327614122,10.734399338574494,25.18449741539525,66.5598271537223,1.0415760551406597,1.333866174177997,1.8783176398285213,1.0,1.0,1.0,1.0,1.0,1.0,0.0,0.0,1.0,0.0,1.0,4.970660791335561,0.1656886930445187,0.13642612402772758,9.319937144098901,0.31066457146996335,0.1814946136902058,-4.946315295645338,-0.16487717652151127,-0.012304969264053223,3.9294753289585813,0.13098251096528604,0.13836272007210315,-4.812632062788165,-0.1604210687596055,-0.016667885814905747,5.893982498492619,0.1964660832830873,0.13718688255114397,-4.7570899972615415,-0.1585696665753847,-0.01673999093796541,1.1364261240277276,0.9876950307359468,1.1383627200721032,0.9833321141850943,1.137186882551144,0.9832600090620346,0.3231966468925501,1.001704110811455,1.0986624619292489,clean,0,20,0.0,7.5,0.0,0.05,2000.0,1.0,0.25,easy
11827,591,0.04997040669654181,11.741930415967913,30.0,1.0,38.55696239527496,1.0,0.20770119143119017,0.02327932418828934,1.0,0.31198179243296126,0.3043321626402597,0.2736959521860153,52.85222984794811,1.0825157565267003,12.901766875407834,0.08236802596991026,34.501284926386305,0.8492692661833684,7.392697214541047,52.221645861102346,1.070765432669772,12.757405115274208,399.9999999999999,0.24845096307754636,34.59467623077164,0.845581611440609,52.39425634671489,1.082719333730783,0.06500487963232297,34.992493996375934,0.8433486375616653,49.54473226293759,1.080112697084589,399.9999999999999,0.17212331817649715,0.9079893789080917,27.564766772148754,78.13969292374746,20.011598385885854,48.990971466886755,27.2171318351649,77.22615988703978,32.87253431538148,107.6514285002005,24.04717665631298,55.26897438503917,32.589194477806465,105.24504278040504,0.9192680316761233,1.4961898035918313,0.9188032840247489,1.4844233373857825,26.299817460198323,7.396837238407359,21.8452254356411,32.880136326885236,105.65685671069679,0.919477246392941,1.4939718266768747,2.0384663367564504,1.0,1.0,1.0,0.0,1.0,0.0,1.0,1.0,0.0,1.0,0.0,22.85222984794811,0.7617409949316036,0.08251575652670029,19.544732262937593,0.6514910754312531,0.0801126970845889,4.501284926386305,0.15004283087954348,-0.1507307338166316,22.221645861102346,0.7407215287034116,0.07076543266977198,4.59467623077164,0.15315587435905467,-0.15441838855939105,22.39425634671489,0.746475211557163,0.082719333730783,4.992493996375934,0.16641646654586448,-0.15665136243833466,1.0825157565267003,0.8492692661833684,1.070765432669772,0.845581611440609,1.082719333730783,0.8433486375616653,0.9079893789080917,0.9891453553575703,1.0412879208030859,clean,0,21,0.0,7.5,0.0,0.05,2000.0,1.0,0.25,easy
11762,588,0.04999149804455025,11.76724751885818,30.0,1.0,39.1258408898164,1.0,0.15209976930592842,0.036175507284139194,1.0,0.39569112770830495,0.3561889223571875,0.2668422252961707,39.754012238649146,1.0310758768164605,8.468578963453837,0.05934260961072415,25.03953731915922,0.9935031222551199,4.199446339727221,37.82499566904211,1.019552829704172,7.8961972219587295,399.9999999999999,0.6053461878852116,25.197810731700976,0.9932753350063075,42.151980288879194,1.0269759368523932,0.11889011794759573,24.98158477789644,0.9935648940246381,43.132497270691076,1.040191170023722,399.9999999999999,0.9202268486302969,0.11996432139342517,23.155597470279627,56.35242700701866,16.808622493293868,33.27045214502457,22.348449114003003,53.30154222408122,24.5366816682424,89.49557816231338,18.2426969643582,36.12595269720881,23.217254350598388,78.51524473235993,0.9031237447688147,1.3367108353425463,0.8840903398577792,1.2477009041507985,24.852189820725506,5.1817680351851045,18.30693198421097,24.87925224418574,100.50021805595881,0.8954548044508598,1.356889751604528,2.934635188261828,1.0,1.0,1.0,1.0,1.0,1.0,1.0,1.0,1.0,1.0,1.0,9.754012238649146,0.32513374128830486,0.031075876816460513,13.132497270691076,0.43774990902303584,0.04019117002372208,-4.960462680840781,-0.16534875602802604,-0.0064968777448800585,7.82499566904211,0.26083318896807034,0.019552829704172048,-4.802189268299024,-0.16007297560996747,-0.0067246649936925085,12.151980288879194,0.4050660096293065,0.02697593685239319,-5.01841522210356,-0.167280507403452,-0.006435105975361899,1.0310758768164605,0.9935031222551199,1.019552829704172,0.9932753350063075,1.0269759368523932,0.9935648940246381,0.11996432139342517,0.9888242491446246,1.0554955232797125,clean,0,22,0.0,7.5,0.0,0.05,2000.0,1.0,0.25,easy
11924,596,0.04998322710499832,11.724658576359815,30.0,1.0,38.39269291124397,1.0,0.15855929455166493,0.03790376261118862,1.0,0.3782181155249845,0.3385949237743011,0.26538735186080015,45.349784243289015,1.2264760513701178,8.4590684374149,0.06493195440117451,25.802213579111434,1.0641843491801521,4.037339236316518,44.407687442418094,1.2181323434066813,8.207956925945801,399.9999999999999,1.0096619760282335,25.821258402583577,1.0653507374228564,51.1839156344676,1.2504879721300939,0.27111180435932536,25.90216358374755,1.0665009401125785,40.900639843909666,1.197482976197647,399.9999999999999,1.0020063643328176,0.19547661186482945,28.770010105955812,61.92955838062222,17.88902867593106,33.71539848229181,28.320091867564326,60.49528301727186,27.85808500129783,78.24105037627962,18.405266847393303,37.84618829100749,27.632276747478837,76.36738368451655,1.1019540208008018,1.4402153182656523,1.0929573530631058,1.4314223699275785,13.04169930073814,4.842837566165934,12.891239083773511,30.15060982345638,85.91723012134696,1.1123207115995066,1.5047145116939997,1.541741788381097,1.0,1.0,1.0,1.0,1.0,1.0,0.0,0.0,0.0,0.0,1.0,15.349784243289015,0.5116594747763005,0.22647605137011784,10.900639843909666,0.3633546614636555,0.1974829761976471,-4.197786420888566,-0.13992621402961886,0.06418434918015214,14.407687442418094,0.48025624808060313,0.2181323434066813,-4.178741597416423,-0.13929138658054743,0.06535073742285635,21.183915634467603,0.70613052114892,0.2504879721300939,-4.0978364162524485,-0.13659454720841496,0.06650094011257845,1.2264760513701178,1.0641843491801521,1.2181323434066813,1.0653507374228564,1.2504879721300939,1.0665009401125785,0.19547661186482945,0.9931970070234021,1.1234195810741918,clean,0,23,0.0,7.5,0.0,0.05,2000.0,1.0,0.25,easy
11888,594,0.04996635262449529,11.708596360288722,30.0,1.0,37.8812788463874,1.0,0.22553477698488017,0.06869367040453994,1.0,0.37063290000521654,0.3516747273461885,0.27358868985049867,47.07955869581529,1.2986648580465985,8.37805094592501,0.06701092482636224,27.798102553337785,1.1292952826562368,4.103574125457669,45.21546781230276,1.2872072753649577,7.869002345969235,399.9999999999999,1.2881587579647134,27.747481959289072,1.1340780115942628,50.29319608029497,1.308817620075939,0.33277225515954234,27.73059002056534,1.1336023022612827,46.43140102568878,1.3200687679573686,399.9999999999999,1.5258523842272445,-0.20578361626987585,30.658578841802267,63.500538549828306,19.755097267440753,35.841107839234816,29.792223214203062,60.63871241040246,30.37224232559163,73.29703952096796,20.114625672382413,38.53012006385109,29.22200080562608,68.60942462420054,1.1524296232156426,1.5435914125121477,1.1477396886595923,1.4936329031587545,11.684326709045422,4.894758478915966,10.816836660357252,32.35322300865596,82.97231156385078,1.1506406400861073,1.5626836453989228,1.3946354330452655,0.0,1.0,1.0,0.0,1.0,1.0,0.0,0.0,0.0,0.0,0.0,17.079558695815287,0.5693186231938429,0.2986648580465985,16.43140102568878,0.5477133675229593,0.3200687679573686,-2.2018974466622154,-0.07339658155540718,0.1292952826562368,15.215467812302762,0.5071822604100921,0.2872072753649577,-2.252518040710928,-0.07508393469036427,0.1340780115942628,20.29319608029497,0.6764398693431656,0.30881762007593894,-2.269409979434659,-0.07564699931448864,0.13360230226128267,1.2986648580465985,1.1292952826562368,1.2872072753649577,1.1340780115942628,1.308817620075939,1.1336023022612827,-0.20578361626987585,0.9911774137795067,0.9693780949143485,clean,0,24,0.0,7.5,0.0,0.05,2000.0,1.0,0.25,easy
11786,589,0.049974546071610386,11.671504893457264,30.0,1.0,38.61365073390956,0.99830220713073,0.20418644955960943,0.08010766229019047,1.0,0.4408482595009142,0.38880326245795843,0.2811473327855708,43.86270304448907,1.0594413855324534,9.521460995257058,0.06315416650620526,32.99523879759698,0.9239527019231175,6.380576066796866,43.65543614269723,1.0599186539421745,9.439861928197933,9.807992085894048,0.1051573185609916,32.943204902300764,0.924577932223711,43.63420451017768,1.0602038609554054,0.03768066641118398,33.03587111691223,0.9236074468636744,37.11731991884819,1.0000620427975409,109.51040522825917,-0.017494227108583688,1.0175562699061245,25.20063949378524,62.52476659519291,20.489309706675122,45.50116788851884,25.153306763429285,62.15756552196518,28.279898065584838,118.47931580636191,22.192445607925677,58.77221014904333,28.17968490936888,114.7664533736735,0.9424603929029355,1.6497834222041439,0.9437006162124975,1.5686608496269825,31.103439695908932,9.742511777616778,30.51473267876159,28.073171541289295,113.2259777104764,0.9437428322958223,1.5951942733197724,3.266666713375452,1.0,1.0,1.0,1.0,1.0,1.0,1.0,1.0,1.0,1.0,1.0,13.862703044489074,0.46209010148296914,0.05944138553245337,7.117319918848189,0.23724399729493964,6.204279754085107e-05,2.9952387975969827,0.09984129325323275,-0.07604729807688249,13.655436142697233,0.4551812047565745,0.05991865394217455,2.9432049023007636,0.09810683007669212,-0.07542206777628901,13.634204510177682,0.4544734836725894,0.06020386095540542,3.035871116912233,0.10119570389707443,-0.07639255313632565,1.0594413855324534,0.9239527019231175,1.0599186539421745,0.924577932223711,1.0602038609554054,0.9236074468636744,1.0175562699061245,1.0004504906229252,1.0298741361908654,clean,0,25,0.0,7.5,0.0,0.05,2000.0,1.0,0.25,easy
11841,592,0.04999577738366692,11.761493524151204,30.0,1.0,38.435966474626994,1.0,0.10447968236938848,0.03907161769177429,1.0,0.4064515834392386,0.2967636535972884,0.2802372773580223,57.08859270064411,1.2360762253037298,13.47829328345218,0.10032324582497387,44.462421724575734,0.9736592654782549,9.908078765874027,56.18088491147549,1.232501579702547,13.086977881293341,43.67627741608475,0.19199727010658615,44.42935655365751,0.9706236946283571,55.899304898901455,1.2326180339066632,0.20043291518579393,45.610079210735236,0.9775836721890274,58.930997513903094,1.2862254774361395,399.9999999999999,0.9116635513344195,0.37456192610172,30.671137865077835,83.50604753621037,25.042587343462642,63.882256105688825,30.53040826414054,81.83136155881044,34.13022877559612,136.75443123930893,28.144133477535643,102.36507818592611,33.74710465918047,132.87436214001258,1.0599463322069353,1.9878013091204771,1.0545580696185393,1.9222913049298493,29.845847140429864,18.82777141037838,29.82272259400673,34.388030421912525,127.28317086903958,1.0531770189007474,1.8565106250352614,2.2143639786405864,0.0,1.0,0.0,0.0,1.0,0.0,0.0,0.0,0.0,0.0,1.0,27.088592700644107,0.9029530900214702,0.23607622530372985,28.930997513903094,0.9643665837967698,0.28622547743613946,14.462421724575734,0.48208072415252445,-0.026340734521745124,26.180884911475488,0.8726961637158496,0.23250157970254692,14.429356553657513,0.4809785517885838,-0.02937630537164293,25.899304898901455,0.8633101632967152,0.23261803390666325,15.610079210735236,0.5203359736911746,-0.02241632781097258,1.2360762253037298,0.9736592654782549,1.232501579702547,0.9706236946283571,1.2326180339066632,0.9775836721890274,0.37456192610172,0.9971080702565049,1.0930294258395472,clean,0,26,0.0,7.5,0.0,0.05,2000.0,1.0,0.25,easy
11851,593,0.05003797147920007,11.763662525794194,30.0,1.0,38.50387862924877,1.0,0.1752452200298717,0.09258377239176131,1.0,0.3440724935149928,0.36292076051877925,0.2711029239732466,34.280756928087314,1.0508549400105125,6.224666008032041,0.0587108188577144,23.077397546394003,0.9727822671484807,3.7581979935776815,34.27901866820124,1.0493992855890937,6.231861931753529,184.7325174776499,0.255448654979001,23.141470226847357,0.9703130691133692,35.07544779918448,1.0468645996827433,0.12067761658863686,22.968182178278564,0.9715857578552656,38.097076110459994,1.1149357066240961,399.9999999999999,0.9098145468684278,0.20512115975566836,22.080411552344515,46.48110230383011,15.711329478981748,30.44346561380626,22.064569281964324,46.493468054438154,25.57274434869811,52.35951936544401,17.801237752119047,31.931115161893022,25.40782640419695,52.02727357632327,0.9197079514650282,1.240134776984949,0.9217748604158162,1.239952295883934,6.4951604057003545,3.6637264884126197,6.564374446705987,25.366962623076244,54.2881953560465,0.9217015677983512,1.240519456824848,1.0434552468067009,1.0,1.0,1.0,1.0,1.0,1.0,1.0,1.0,1.0,1.0,1.0,4.280756928087314,0.14269189760291046,0.050854940010512495,8.097076110459994,0.2699025370153331,0.11493570662409613,-6.922602453605997,-0.2307534151201999,-0.027217732851519294,4.279018668201239,0.14263395560670797,0.04939928558909368,-6.858529773152643,-0.2286176591050881,-0.02968693088663077,5.075447799184481,0.16918159330614937,0.04686459968274326,-7.031817821721436,-0.23439392739071455,-0.028414242144734425,1.0508549400105125,0.9727822671484807,1.0493992855890937,0.9703130691133692,1.0468645996827433,0.9715857578552656,0.20512115975566836,0.9986147903330936,0.9786877046051424,clean,0,27,0.0,7.5,0.0,0.05,2000.0,1.0,0.25,easy
11770,588,0.04995751911639762,11.763659574166285,30.0,1.0,39.21084618079601,1.0,0.10677663610963653,0.05450675237397235,1.0,0.36210138421443494,0.34752889296338313,0.28478839363646785,32.9314678239918,1.1404093349458877,5.343463967098869,0.0617057660737194,25.28350398472579,1.0316493130278492,3.890210889562837,32.7001991091816,1.147656804545546,5.253833514569582,399.9999999999999,0.7221077786309594,25.32261097171568,1.0303978651850003,34.77938992615937,1.1373361905474098,0.15356021903719783,25.164146264312183,1.0298500951214904,34.39855215644424,1.167485161930656,399.9999999999999,0.8413538229216678,0.3261313390089883,22.45827844847802,43.404657199505586,17.65869064118263,32.90831732826895,22.402685420625218,42.997712797737975,23.544792105306072,55.390753446342075,18.10561013410106,39.46178958631793,23.124026669809062,54.4859874281247,1.015845038026477,1.2920813495651424,1.0200307471142485,1.2970050701780549,8.679695547659957,5.429446864200668,8.582701154594245,24.50186108822228,59.11101992421087,1.0214338258802909,1.2806838610660465,1.624357458214962,1.0,1.0,1.0,1.0,1.0,1.0,0.0,0.0,1.0,0.0,1.0,2.9314678239918024,0.09771559413306008,0.1404093349458877,4.398552156444239,0.14661840521480798,0.1674851619306561,-4.71649601527421,-0.15721653384247367,0.031649313027849235,2.7001991091815967,0.09000663697271989,0.14765680454554597,-4.6773890282843205,-0.15591296760947734,0.030397865185000317,4.779389926159368,0.1593129975386456,0.13733619054740975,-4.835853735687817,-0.16119512452292722,0.029850095121490394,1.1404093349458877,1.0316493130278492,1.147656804545546,1.0303978651850003,1.1373361905474098,1.0298500951214904,0.3261313390089883,1.0063551475576111,1.1397542979053579,clean,0,28,0.0,7.5,0.0,0.05,2000.0,1.0,0.25,easy
11756,588,0.050017012589316096,11.791305022908297,30.0,1.0,38.64327338951229,1.0,0.13359732925847692,0.06623447126542423,1.0,0.4434457581739134,0.32764190251653635,0.28770233061345096,45.73000981099584,1.1876718009963154,8.806750046593832,0.06485012707902343,32.257020027326476,0.9724649773709318,5.780079025469117,45.79800856443798,1.186674721628276,8.83814649249413,3.0000000000000004,-1.6353391638859605,31.85172979303133,0.9646706940487049,45.74358063295063,1.1878490633308278,0.011027307829329959,31.882229228225253,0.9635243026374211,45.75705842664089,1.2160670796066653,3.0000000000000004,-4.960103307993819,6.176170387600484,28.46877971967193,62.99123990231975,20.928065137407007,43.58597491724595,28.47524143914948,63.12077568972647,30.729390635137936,77.03439482629173,24.464636496135952,44.00873953583235,30.725652165738893,77.62553549284536,1.0474388685396456,1.497710683590888,1.0420003549669168,1.4913198504649758,13.441097762681979,5.218709619424793,13.441811085940436,30.905288098746016,79.11996895651768,1.0476531530470496,1.502010926867508,1.526226779637122,1.0,1.0,1.0,0.0,1.0,0.0,0.0,0.0,0.0,0.0,1.0,15.730009810995838,0.524333660366528,0.18767180099631542,15.757058426640889,0.5252352808880296,0.21606707960666527,2.257020027326476,0.07523400091088253,-0.02753502262906815,15.798008564437978,0.5266002854812659,0.18667472162827603,1.8517297930313283,0.06172432643437761,-0.03532930595129513,15.743580632950632,0.5247860210983544,0.18784906333082785,1.8822292282252526,0.06274097427417509,-0.03647569736257894,1.1876718009963154,0.9724649773709318,1.186674721628276,0.9646706940487049,1.1878490633308278,0.9635243026374211,6.176170387600484,0.9991604756741694,1.0834289614845896,clean,0,29,0.0,7.5,0.0,0.05,2000.0,1.0,0.25,easy
11870,594,0.05004212299915754,11.748397568823828,30.0,1.0,37.96576468075547,1.0,0.1614704195265313,0.057189882540600125,1.0,0.39042683338917744,0.35921007771844904,0.28260904584603935,38.42506853352445,1.1820918423203364,6.977788008927044,0.05861930274611861,27.065710897682745,1.0086398459799288,4.5519779151442,38.2762483954265,1.183071733531627,6.924461986312132,399.9999999999999,0.7586952915929681,27.1187399641639,1.0120042459833065,39.03215215282021,1.1852035056098775,0.18157477981343356,26.734584233321183,1.0239689427497753,37.55109525084265,1.2059679532876393,399.9999999999999,0.6738417832208232,0.5321261700668161,24.748604036027444,52.10153303102146,18.143834184000113,35.98758761136538,24.70430290225472,51.848193888598274,26.560318714378425,71.12926839263532,19.51662600060225,39.4228379923097,26.63346884526806,70.63219894904236,1.0644237598146584,1.4592713612568902,1.0713072596594426,1.4624333366073368,24.04210144191621,5.3913566882736115,18.994092931138095,26.97534526885845,76.66456930661052,1.065285621904376,1.5334398891186354,3.4455190400106606,1.0,1.0,1.0,1.0,1.0,1.0,0.0,0.0,1.0,0.0,1.0,8.425068533524453,0.2808356177841484,0.18209184232033637,7.55109525084265,0.2517031750280883,0.20596795328763928,-2.934289102317255,-0.0978096367439085,0.00863984597992884,8.2762483954265,0.2758749465142166,0.18307173353162698,-2.8812600358360996,-0.09604200119453665,0.012004245983306516,9.03215215282021,0.3010717384273403,0.18520350560987753,-3.2654157666788173,-0.10884719222262725,0.023968942749775346,1.1820918423203364,1.0086398459799288,1.183071733531627,1.0120042459833065,1.1852035056098775,1.0239689427497753,0.5321261700668161,1.0008289467672555,0.963789465155825,clean,0,30,0.0,7.5,0.0,0.05,2000.0,1.0,0.25,easy
11780,589,0.05,11.803842239123068,30.0,1.0,37.673618091083284,1.0,0.22823643923554016,0.022469519781461847,1.0,0.3669499984938403,0.3206302217080856,0.27554923211909493,46.592521104858605,1.3129484708010175,8.500045509569999,0.06763994845028325,32.510645972347604,1.0965611476588975,5.234000229153874,45.378834421368445,1.306732357667256,8.141497014953671,15.591578740057738,0.2593376077300541,32.45320809059282,1.0986291524541418,44.135438081194344,1.2937204801562334,0.1817642714051228,32.169741159355496,1.0967564370870966,47.96724012769666,1.3495925920023797,186.5173793095995,0.6017023931369283,0.7478901988654514,29.932431906101407,63.2526103036158,22.25200552320601,42.7692864214892,29.421500272059248,61.33616857067764,33.76141965117316,75.11520602020407,24.45738225424458,45.91358387149882,32.63113469658404,71.92020681480206,1.177263564284056,1.5870609392992576,1.1676379908997743,1.549326856092678,10.701835448145319,5.773661410778544,10.240647145535293,32.711309228850766,69.47733397165362,1.161397815202685,1.5024691931086613,1.2590327235420538,1.0,1.0,1.0,0.0,1.0,0.0,0.0,0.0,0.0,0.0,1.0,16.592521104858605,0.5530840368286202,0.3129484708010175,17.967240127696662,0.5989080042565554,0.3495925920023797,2.5106459723476036,0.08368819907825345,0.09656114765889745,15.378834421368445,0.5126278140456149,0.30673235766725604,2.453208090592817,0.08177360301976057,0.09862915245414183,14.135438081194344,0.4711812693731448,0.2937204801562334,2.169741159355496,0.07232470531184987,0.09675643708709658,1.3129484708010175,1.0965611476588975,1.306732357667256,1.0986291524541418,1.2937204801562334,1.0967564370870966,0.7478901988654514,0.9952655315330319,1.0052474090013894,clean,0,31,0.0,7.5,0.0,0.05,2000.0,1.0,0.25,easy
11915,596,0.050020981955518254,11.784910767653653,30.0,1.0,38.788425327191824,1.0,0.1466400160238333,0.05301925501750571,1.0,0.29021763289962277,0.3379316509478862,0.27044657026196706,51.58339756832081,1.1610343391127242,10.672663868738567,0.07388020568193937,37.60969800485553,0.9468942926956241,7.2850031235023485,50.69706060005601,1.1572978344905707,10.382830299823391,37.42331776750649,0.11836401446024006,37.795144418030745,0.9467980888901356,50.495860557443194,1.1569287901181498,0.12172443811023481,37.995109521122224,0.9463788939226656,53.136802134859536,1.1831428830854376,399.9999999999999,0.6061540558685089,0.5769888272169287,30.66497638559322,72.5018187510484,23.33109188279093,51.88830412692013,30.346713212402165,71.04740798770986,35.449111208538504,82.47682744902428,26.98178230829609,53.36655925054692,34.29077254146907,81.90216724425149,1.039252456865129,1.3791484901686746,1.0338151669370435,1.3713296748547408,12.485994346537815,7.261178000394204,12.317442668319927,34.97159154621744,82.22265643932859,1.032388997051664,1.3753415457518023,1.1699042057447997,0.0,1.0,0.0,0.0,1.0,0.0,0.0,0.0,0.0,0.0,1.0,21.583397568320812,0.7194465856106937,0.16103433911272425,23.136802134859536,0.7712267378286513,0.18314288308543758,7.609698004855531,0.25365660016185104,-0.053105707304375915,20.697060600056012,0.6899020200018671,0.15729783449057066,7.795144418030745,0.2598381472676915,-0.053201911109864386,20.495860557443194,0.6831953519147731,0.15692879011814975,7.995109521122224,0.2665036507040741,-0.05362110607733439,1.1610343391127242,0.9468942926956241,1.1572978344905707,0.9467980888901356,1.1569287901181498,0.9463788939226656,0.5769888272169287,0.9967817449525145,1.1095711659614218,clean,0,32,0.0,7.5,0.0,0.05,2000.0,1.0,0.25,easy
11771,589,0.05003822954719225,11.776416836534057,30.0,1.0,38.846982018126205,1.0,0.13916773213322026,0.04362008171151073,1.0,0.3590783618944109,0.4091740814325399,0.28368747371150804,49.34656973998508,1.2219748600838785,10.492715701587578,0.07686896780170441,30.461195953941466,0.9822672796578594,5.536359527765515,48.57120213041188,1.224387203269229,10.163323296095982,399.9999999999999,0.6308227975795551,30.356089809014033,0.9756132264945739,51.4249030138392,1.2370313234180934,0.14934851121538004,30.6211736873221,0.9756057757925379,58.203325159527964,1.340714005433815,399.9999999999999,0.9603527179110259,0.38036128752278897,28.780846964873426,69.91229251509674,19.609931279521057,41.312460628361876,28.65108847006376,68.49131579076001,31.217055838052957,79.13733420878093,20.82224107215441,45.842619617877006,31.378872464707914,77.67737630415876,1.0753727372828719,1.49768695018371,1.0823909806401417,1.4816883908503737,12.86913161056667,6.426124794673133,12.381967265728832,32.37589626972214,79.86156588745989,1.0840418735518467,1.5282351160644392,1.226482445209064,1.0,1.0,1.0,0.0,1.0,0.0,0.0,0.0,0.0,0.0,1.0,19.34656973998508,0.6448856579995026,0.22197486008387846,28.203325159527964,0.9401108386509321,0.3407140054338149,0.4611959539414663,0.015373198464715543,-0.017732720342140573,18.571202130411884,0.6190400710137295,0.2243872032692289,0.3560898090140334,0.011869660300467781,-0.024386773505426063,21.4249030138392,0.71416343379464,0.2370313234180934,0.6211736873220985,0.020705789577403284,-0.024394224207462067,1.2219748600838785,0.9822672796578594,1.224387203269229,0.9756132264945739,1.2370313234180934,0.9756057757925379,0.38036128752278897,1.001974134873106,1.0338546911352418,clean,0,33,0.0,7.5,0.0,0.05,2000.0,1.0,0.25,easy
11830,592,0.05004226542688081,11.695894704893139,30.0,1.0,37.91600517741341,1.0,0.17478208638606693,0.07154431062938632,1.0,0.29477178679470606,0.3624054933739912,0.27721909367802083,45.289344168729386,1.2635694360131482,7.974670191205783,0.06471175347842112,34.734181292746015,1.0501943073541606,5.903319072554688,44.622622404336695,1.2484351552108939,7.867730082366478,226.9940394684969,0.6073217942896931,34.763287846277365,1.0499939037324184,46.93526399770761,1.2563724411987396,0.2564862750498487,34.728433948730256,1.0501165462866684,50.86497267338697,1.3206258746036972,399.9999999999999,1.3154036766365964,0.005222197967100772,29.658990593966053,60.91969774349272,23.163675910538828,46.3046866749532,29.2018714428984,60.04337336577499,32.91831497319066,69.0381585884295,26.486548829956444,54.470509620529526,32.60982666457422,68.70139901585925,1.1276009092458363,1.454195247688605,1.1215280752571195,1.444488436119786,10.030752710677104,7.62019746276731,9.410416576790114,34.79723563740875,74.3441465406436,1.1280934225883548,1.4724695199969768,1.2578266524098645,1.0,1.0,1.0,0.0,1.0,0.0,0.0,0.0,0.0,0.0,1.0,15.289344168729386,0.5096448056243129,0.2635694360131482,20.864972673386973,0.695499089112899,0.3206258746036972,4.734181292746015,0.15780604309153384,0.05019430735416064,14.622622404336695,0.48742074681122316,0.24843515521089388,4.763287846277365,0.15877626154257882,0.04999390373241841,16.935263997707608,0.5645087999235869,0.2563724411987396,4.728433948730256,0.1576144649576752,0.050116546286668395,1.2635694360131482,1.0501943073541606,1.2484351552108939,1.0499939037324184,1.2563724411987396,1.0501165462866684,0.005222197967100772,0.9880225966449406,1.022901012941528,clean,0,34,0.0,7.5,0.0,0.05,2000.0,1.0,0.25,easy
11869,593,0.04996208610666442,11.753383944902447,30.0,1.0,37.72992989502564,0.9932546374367622,0.1669444344107446,0.07210527718483792,1.0,0.3823590096623424,0.36374416085373223,0.28101339578872603,43.67462820032244,1.1829178279131023,8.9207506110143,0.06584306418766198,31.30873081884008,0.9793174232264426,5.834289207377327,42.35984825639037,1.1612789231155833,8.595459793131397,399.9999999999999,0.7587171039620709,31.410239976080465,0.979743510404283,46.433868951684865,1.17997022600814,0.1789825131610717,31.16848375972541,0.9858882401996262,46.67922619583505,1.1925809553784519,399.9999999999999,1.2904234510445727,-0.0978424956661208,26.18995700273441,61.159299397910466,19.873523972380518,42.74393766529964,25.512747061852835,59.20694945092791,28.058645631297043,84.4495253383818,22.384812669479576,51.77402107639204,27.22923158234858,79.82160766085029,1.0483501355626255,1.5389238589747662,1.0406658255179626,1.5048869514537528,14.07958332061393,7.7131172879955425,13.564566091584032,31.380962821357823,85.69099654875417,1.0392795536026689,1.5358607003604916,1.5782958110307563,1.0,1.0,1.0,1.0,1.0,1.0,0.0,0.0,0.0,0.0,1.0,13.674628200322438,0.4558209400107479,0.1829178279131023,16.67922619583505,0.555974206527835,0.19258095537845188,1.308730818840079,0.04362436062800264,-0.02068257677355745,12.359848256390372,0.41199494187967906,0.16127892311558334,1.4102399760804651,0.04700799920268217,-0.02025648959571702,16.433868951684865,0.5477956317228289,0.17997022600813994,1.1684837597254116,0.03894945865751372,-0.014111759800373824,1.1829178279131023,0.9793174232264426,1.1612789231155833,0.979743510404283,1.17997022600814,0.9858882401996262,-0.0978424956661208,0.9817071783965804,0.9814307282201575,clean,0,35,0.0,7.5,0.0,0.05,2000.0,1.0,0.25,easy
11845,592,0.04997889404812157,11.745298901168063,30.0,1.0,38.29419725394373,1.0,0.1982950047854469,0.07565131204462001,1.0,0.4170566855486481,0.3578419760789127,0.2814066384119589,44.22093808452086,1.1153517634333103,9.42210635772228,0.06542704538429558,33.046573382688955,0.9310362811722442,6.4738707255404355,44.11550836576099,1.1223131583991792,9.318794502589814,56.50469000989531,0.21034975608571396,33.10924847404399,0.9326103893117407,44.67274411971253,1.12270272567214,0.19973870738964639,33.12366932542208,0.9326072130818958,43.966923926873385,1.113409878968832,77.24804318474841,0.16695584789698859,0.9464540310718434,25.75360962338519,62.68826654565653,20.3577867606297,45.73536000474821,25.850671140684952,62.380345590837024,29.686643560901093,95.88633326369435,23.21062003837981,58.397598690577794,29.915680598878964,89.22088124597423,0.9822327469534871,1.4883763939224162,0.988856852728925,1.4764825576783396,19.10555015820429,8.789507024845435,18.275440837180355,29.836704166244132,87.2587167311237,0.990474917059409,1.4728288558014584,2.0277366262741814,1.0,1.0,1.0,1.0,1.0,1.0,1.0,1.0,1.0,1.0,1.0,14.22093808452086,0.4740312694840287,0.11535176343331033,13.966923926873385,0.46556413089577947,0.11340987896883203,3.0465733826889547,0.10155244608963182,-0.06896371882775576,14.115508365760988,0.47051694552536627,0.12231315839917922,3.109248474043987,0.10364161580146623,-0.06738961068825933,14.672744119712533,0.4890914706570844,0.12270272567214002,3.123669325422078,0.1041223108474026,-0.06739278691810424,1.1153517634333103,0.9310362811722442,1.1223131583991792,0.9326103893117407,1.12270272567214,0.9326072130818958,0.9464540310718434,1.0062414344909807,0.963311462314997,clean,0,36,0.0,7.5,0.0,0.05,2000.0,1.0,0.25,easy
11860,593,0.05,11.733090744432603,30.0,1.0,38.36968800600096,1.0,0.17534623658586235,0.038114303837302285,1.0,0.36899843980413316,0.34114513007991776,0.2634569058725157,36.096876119609014,1.0545509054121351,7.043625860209444,0.058232235240536966,27.884024263902166,0.9434089781877812,5.0437691680829815,33.3922530864068,1.0436076090119795,6.301408809053915,399.9999999999999,1.1078723900735257,27.666726934957943,0.9441827006599204,41.54109258167256,1.0493155389900963,0.2564807681575104,28.126973169462037,0.9445476932187744,38.65916807989796,1.0942895098864491,399.9999999999999,1.586272899538947,-0.4919833896524979,22.291369433598504,49.902382805619524,17.99823669445952,37.76981183334481,21.041491820661122,45.74301435215247,24.696188842855925,59.10863134744221,20.757985072222684,38.03247950152255,23.019700416007385,53.06839518412843,0.9381548000463414,1.2567534413150323,0.9240617630223283,1.2102520909648635,8.693398928908739,4.544932084691911,7.356178132563022,26.658138718013696,77.05350102046789,0.9356608325616494,1.2810392576870384,1.234222132384845,1.0,1.0,1.0,1.0,1.0,1.0,1.0,1.0,1.0,1.0,1.0,6.096876119609014,0.20322920398696714,0.05455090541213514,8.65916807989796,0.2886389359965987,0.09428950988644913,-2.115975736097834,-0.07053252453659446,-0.056591021812218756,3.3922530864067966,0.11307510288022656,0.043607609011979465,-2.3332730650420572,-0.07777576883473523,-0.05581729934007962,11.541092581672558,0.38470308605575193,0.04931553899009633,-1.8730268305379631,-0.06243422768459877,-0.05545230678122559,1.0545509054121351,0.9434089781877812,1.0436076090119795,0.9441827006599204,1.0493155389900963,0.9445476932187744,-0.4919833896524979,0.9896227898112905,1.085684636267484,clean,0,37,0.0,7.5,0.0,0.05,2000.0,1.0,0.25,easy
11871,594,0.050037907505686124,11.736581540204549,30.0,1.0,38.31311176935787,1.0,0.14842067188658842,0.04523683914764551,1.0,0.3806848082955592,0.4400596852327673,0.27625158631811053,35.50257414774578,1.084595370727351,6.669962032011881,0.058253830397680444,25.462842877853248,0.9746579102723265,4.320652072871847,34.484160461900906,1.0825376442874077,6.375596226569273,399.9999999999999,0.9565485945363004,25.435961312319648,0.9746350768693218,37.32539046953734,1.0793921031080917,0.229229337784522,25.462706896561848,0.9746697434034844,55.00002162616731,1.2046181405776981,399.9999999999999,1.2815086919551997,-0.07689055137750156,22.429448565002495,48.57569973048907,16.994364815024426,33.93132094068207,21.98799185782513,46.98032906597668,24.58427978504376,59.25341617690062,18.0484898293821,38.92481291926921,23.748342567424217,57.11443902942357,0.9673773587276704,1.2946414022410566,0.965517773993995,1.2862385091652226,8.672823980588987,5.444210304669644,8.24126852408816,26.126682246301012,63.043721518437195,0.9604477916952161,1.2860732474914236,1.3002808620145887,1.0,1.0,1.0,1.0,1.0,1.0,1.0,1.0,1.0,1.0,1.0,5.502574147745783,0.18341913825819275,0.08459537072735102,25.00002162616731,0.833334054205577,0.20461814057769812,-4.537157122146752,-0.15123857073822505,-0.02534208972767349,4.484160461900906,0.14947201539669688,0.08253764428740773,-4.564038687680352,-0.1521346229226784,-0.025364923130678174,7.325390469537339,0.24417968231791132,0.07939210310809175,-4.537293103438152,-0.1512431034479384,-0.025330256596515555,1.084595370727351,0.9746579102723265,1.0825376442874077,0.9746350768693218,1.0793921031080917,0.9746697434034844,-0.07689055137750156,0.9981027704013126,1.0556103633782854,clean,0,38,0.0,7.5,0.0,0.05,2000.0,1.0,0.25,easy
11902,595,0.04999159805074777,11.691255340539126,30.0,1.0,38.38420585668413,1.0,0.19429698892941108,0.06801165360420305,1.0,0.375307289129561,0.4268588705713906,0.2725274784671944,31.073946112815158,1.1954845049411387,4.67820578351715,0.0634677915963247,23.517387179669857,1.0376651230710079,3.5736182578251046,30.11173977921113,1.194590240094761,4.478810049714756,399.9999999999999,1.0759802041196014,23.533604300894154,1.0338001594996173,32.4464733518091,1.1864549686352428,0.2584388142658327,23.601242181448974,1.035532277870191,31.2620719333698,1.2451196962157798,399.9999999999999,1.2600676407546274,-0.014947944538847624,21.904662777121544,40.24322944850877,16.51309539433265,30.521678965007062,21.33327208177021,38.89020747665205,22.317110125596763,48.22612847761133,17.665866835299667,32.46989462156077,21.85402340672258,46.478514741701794,1.1002278696215337,1.3391166688775642,1.103439286192708,1.339280767953292,6.514374525056115,3.839814584140462,6.288531043029593,23.59327553389248,48.41024296196806,1.0872651749243851,1.3264861883377428,1.3924942224663115,1.0,1.0,1.0,1.0,1.0,1.0,0.0,0.0,1.0,0.0,1.0,1.0739461128151575,0.03579820376050525,0.19548450494113867,1.2620719333697998,0.04206906444565999,0.24511969621577978,-6.482612820330143,-0.21608709401100476,0.03766512307100789,0.11173977921113121,0.003724659307037707,0.194590240094761,-6.4663956991058456,-0.2155465233035282,0.033800159499617344,2.4464733518090966,0.0815491117269699,0.1864549686352428,-6.398757818551026,-0.21329192728503418,0.035532277870190976,1.1954845049411387,1.0376651230710079,1.194590240094761,1.0338001594996173,1.1864549686352428,1.035532277870191,-0.014947944538847624,0.9992519645025247,1.0757629072681705,clean,0,39,0.0,7.5,0.0,0.05,2000.0,1.0,0.25,easy
