section,arm,caller,within_type_depth_quintile,bg_pct,enrichment
7001_liver_sham_Male_52-U1,sham,tierA_score,Q1,20.04,1.64
7001_liver_sham_Male_52-U1,sham,tierA_score,Q2,20.0,1.34
7001_liver_sham_Male_52-U1,sham,tierA_score,Q3,19.99,1.005
7001_liver_sham_Male_52-U1,sham,tierA_score,Q4,20.0,0.69
7001_liver_sham_Male_52-U1,sham,tierA_score,Q5,19.99,0.323
7001_liver_sham_Male_52-U1,sham,senepy_score,Q1,20.04,0.075
7001_liver_sham_Male_52-U1,sham,senepy_score,Q2,20.0,0.246
7001_liver_sham_Male_52-U1,sham,senepy_score,Q3,19.99,0.54
7001_liver_sham_Male_52-U1,sham,senepy_score,Q4,20.0,1.172
7001_liver_sham_Male_52-U1,sham,senepy_score,Q5,19.99,2.97
7001_liver_sham_Male_52-U1,sham,deepscence_score,Q1,20.04,1.35
7001_liver_sham_Male_52-U1,sham,deepscence_score,Q2,20.0,1.141
7001_liver_sham_Male_52-U1,sham,deepscence_score,Q3,19.99,0.978
7001_liver_sham_Male_52-U1,sham,deepscence_score,Q4,20.0,0.796
7001_liver_sham_Male_52-U1,sham,deepscence_score,Q5,19.99,0.734
7001_liver_sham_Male_52-U1,sham,cdkn1a_counts,Q1,20.04,0.319
7001_liver_sham_Male_52-U1,sham,cdkn1a_counts,Q2,20.0,0.585
7001_liver_sham_Male_52-U1,sham,cdkn1a_counts,Q3,19.99,0.826
7001_liver_sham_Male_52-U1,sham,cdkn1a_counts,Q4,20.0,1.15
7001_liver_sham_Male_52-U1,sham,cdkn1a_counts,Q5,19.99,2.122
7239_liver_sbr_Male_52-U1,SBR,tierA_score,Q1,20.05,1.656
7239_liver_sbr_Male_52-U1,SBR,tierA_score,Q2,19.99,1.287
7239_liver_sbr_Male_52-U1,SBR,tierA_score,Q3,19.97,0.949
7239_liver_sbr_Male_52-U1,SBR,tierA_score,Q4,19.95,0.696
7239_liver_sbr_Male_52-U1,SBR,tierA_score,Q5,19.98,0.413
7239_liver_sbr_Male_52-U1,SBR,senepy_score,Q1,20.05,0.105
7239_liver_sbr_Male_52-U1,SBR,senepy_score,Q2,19.99,0.376
7239_liver_sbr_Male_52-U1,SBR,senepy_score,Q3,19.97,0.816
7239_liver_sbr_Male_52-U1,SBR,senepy_score,Q4,19.95,1.302
7239_liver_sbr_Male_52-U1,SBR,senepy_score,Q5,19.98,2.408
7239_liver_sbr_Male_52-U1,SBR,deepscence_score,Q1,20.05,1.181
7239_liver_sbr_Male_52-U1,SBR,deepscence_score,Q2,19.99,1.035
7239_liver_sbr_Male_52-U1,SBR,deepscence_score,Q3,19.97,1.007
7239_liver_sbr_Male_52-U1,SBR,deepscence_score,Q4,19.95,0.957
7239_liver_sbr_Male_52-U1,SBR,deepscence_score,Q5,19.98,0.822
7239_liver_sbr_Male_52-U1,SBR,cdkn1a_counts,Q1,20.05,0.075
7239_liver_sbr_Male_52-U1,SBR,cdkn1a_counts,Q2,19.99,0.169
7239_liver_sbr_Male_52-U1,SBR,cdkn1a_counts,Q3,19.97,0.439
7239_liver_sbr_Male_52-U1,SBR,cdkn1a_counts,Q4,19.95,1.148
7239_liver_sbr_Male_52-U1,SBR,cdkn1a_counts,Q5,19.98,3.177
7248_liver_sham_Male_26-U1,sham,tierA_score,Q1,20.04,1.777
7248_liver_sham_Male_26-U1,sham,tierA_score,Q2,20.0,1.284
7248_liver_sham_Male_26-U1,sham,tierA_score,Q3,19.99,0.955
7248_liver_sham_Male_26-U1,sham,tierA_score,Q4,19.98,0.652
7248_liver_sham_Male_26-U1,sham,tierA_score,Q5,19.99,0.33
7248_liver_sham_Male_26-U1,sham,senepy_score,Q1,20.04,0.153
7248_liver_sham_Male_26-U1,sham,senepy_score,Q2,20.0,0.434
7248_liver_sham_Male_26-U1,sham,senepy_score,Q3,19.99,0.774
7248_liver_sham_Male_26-U1,sham,senepy_score,Q4,19.98,1.249
7248_liver_sham_Male_26-U1,sham,senepy_score,Q5,19.99,2.394
7248_liver_sham_Male_26-U1,sham,deepscence_score,Q1,20.04,1.124
7248_liver_sham_Male_26-U1,sham,deepscence_score,Q2,20.0,1.032
7248_liver_sham_Male_26-U1,sham,deepscence_score,Q3,19.99,0.978
7248_liver_sham_Male_26-U1,sham,deepscence_score,Q4,19.98,0.977
7248_liver_sham_Male_26-U1,sham,deepscence_score,Q5,19.99,0.888
7248_liver_sham_Male_26-U1,sham,cdkn1a_counts,Q1,20.04,0.352
7248_liver_sham_Male_26-U1,sham,cdkn1a_counts,Q2,20.0,0.591
7248_liver_sham_Male_26-U1,sham,cdkn1a_counts,Q3,19.99,0.841
7248_liver_sham_Male_26-U1,sham,cdkn1a_counts,Q4,19.98,1.162
7248_liver_sham_Male_26-U1,sham,cdkn1a_counts,Q5,19.99,2.057
7250_liver_sham_Male_26-U1,sham,tierA_score,Q1,20.09,1.578
7250_liver_sham_Male_26-U1,sham,tierA_score,Q2,20.01,1.215
7250_liver_sham_Male_26-U1,sham,tierA_score,Q3,19.97,1.02
7250_liver_sham_Male_26-U1,sham,tierA_score,Q4,19.97,0.757
7250_liver_sham_Male_26-U1,sham,tierA_score,Q5,19.96,0.427
7250_liver_sham_Male_26-U1,sham,senepy_score,Q1,20.09,0.124
7250_liver_sham_Male_26-U1,sham,senepy_score,Q2,20.01,0.361
7250_liver_sham_Male_26-U1,sham,senepy_score,Q3,19.97,0.724
7250_liver_sham_Male_26-U1,sham,senepy_score,Q4,19.97,1.27
7250_liver_sham_Male_26-U1,sham,senepy_score,Q5,19.96,2.528
7250_liver_sham_Male_26-U1,sham,deepscence_score,Q1,20.09,1.784
7250_liver_sham_Male_26-U1,sham,deepscence_score,Q2,20.01,1.198
7250_liver_sham_Male_26-U1,sham,deepscence_score,Q3,19.97,0.958
7250_liver_sham_Male_26-U1,sham,deepscence_score,Q4,19.97,0.665
7250_liver_sham_Male_26-U1,sham,deepscence_score,Q5,19.96,0.389
7250_liver_sham_Male_26-U1,sham,cdkn1a_counts,Q1,20.09,0.384
7250_liver_sham_Male_26-U1,sham,cdkn1a_counts,Q2,20.01,0.765
7250_liver_sham_Male_26-U1,sham,cdkn1a_counts,Q3,19.97,1.021
7250_liver_sham_Male_26-U1,sham,cdkn1a_counts,Q4,19.97,1.226
7250_liver_sham_Male_26-U1,sham,cdkn1a_counts,Q5,19.96,1.609
7259_liver_sbr_Male_26-U1,SBR,tierA_score,Q1,20.09,1.788
7259_liver_sbr_Male_26-U1,SBR,tierA_score,Q2,19.99,1.284
7259_liver_sbr_Male_26-U1,SBR,tierA_score,Q3,19.98,0.924
7259_liver_sbr_Male_26-U1,SBR,tierA_score,Q4,19.96,0.689
7259_liver_sbr_Male_26-U1,SBR,tierA_score,Q5,19.98,0.311
7259_liver_sbr_Male_26-U1,SBR,senepy_score,Q1,20.09,0.094
7259_liver_sbr_Male_26-U1,SBR,senepy_score,Q2,19.99,0.393
7259_liver_sbr_Male_26-U1,SBR,senepy_score,Q3,19.98,0.777
7259_liver_sbr_Male_26-U1,SBR,senepy_score,Q4,19.96,1.203
7259_liver_sbr_Male_26-U1,SBR,senepy_score,Q5,19.98,2.539
7259_liver_sbr_Male_26-U1,SBR,deepscence_score,Q1,20.09,1.327
7259_liver_sbr_Male_26-U1,SBR,deepscence_score,Q2,19.99,1.111
7259_liver_sbr_Male_26-U1,SBR,deepscence_score,Q3,19.98,1.028
7259_liver_sbr_Male_26-U1,SBR,deepscence_score,Q4,19.96,0.866
7259_liver_sbr_Male_26-U1,SBR,deepscence_score,Q5,19.98,0.667
7259_liver_sbr_Male_26-U1,SBR,cdkn1a_counts,Q1,20.09,0.276
7259_liver_sbr_Male_26-U1,SBR,cdkn1a_counts,Q2,19.99,0.547
7259_liver_sbr_Male_26-U1,SBR,cdkn1a_counts,Q3,19.98,0.746
7259_liver_sbr_Male_26-U1,SBR,cdkn1a_counts,Q4,19.96,1.172
7259_liver_sbr_Male_26-U1,SBR,cdkn1a_counts,Q5,19.98,2.263
7260_liver_sbr_Male_26-U1,SBR,tierA_score,Q1,20.05,1.67
7260_liver_sbr_Male_26-U1,SBR,tierA_score,Q2,20.02,1.192
7260_liver_sbr_Male_26-U1,SBR,tierA_score,Q3,20.0,0.984
7260_liver_sbr_Male_26-U1,SBR,tierA_score,Q4,19.95,0.745
7260_liver_sbr_Male_26-U1,SBR,tierA_score,Q5,19.98,0.405
7260_liver_sbr_Male_26-U1,SBR,senepy_score,Q1,20.05,0.082
7260_liver_sbr_Male_26-U1,SBR,senepy_score,Q2,20.02,0.368
7260_liver_sbr_Male_26-U1,SBR,senepy_score,Q3,20.0,0.754
7260_liver_sbr_Male_26-U1,SBR,senepy_score,Q4,19.95,1.239
7260_liver_sbr_Male_26-U1,SBR,senepy_score,Q5,19.98,2.562
7260_liver_sbr_Male_26-U1,SBR,deepscence_score,Q1,20.05,1.085
7260_liver_sbr_Male_26-U1,SBR,deepscence_score,Q2,20.02,1.075
7260_liver_sbr_Male_26-U1,SBR,deepscence_score,Q3,20.0,1.054
7260_liver_sbr_Male_26-U1,SBR,deepscence_score,Q4,19.95,1.018
7260_liver_sbr_Male_26-U1,SBR,deepscence_score,Q5,19.98,0.768
7260_liver_sbr_Male_26-U1,SBR,cdkn1a_counts,Q1,20.05,0.316
7260_liver_sbr_Male_26-U1,SBR,cdkn1a_counts,Q2,20.02,0.518
7260_liver_sbr_Male_26-U1,SBR,cdkn1a_counts,Q3,20.0,0.775
7260_liver_sbr_Male_26-U1,SBR,cdkn1a_counts,Q4,19.95,1.11
7260_liver_sbr_Male_26-U1,SBR,cdkn1a_counts,Q5,19.98,2.285
7352_liver_sham_Male_2-U1,sham,tierA_score,Q1,20.07,1.583
7352_liver_sham_Male_2-U1,sham,tierA_score,Q2,19.97,1.233
7352_liver_sham_Male_2-U1,sham,tierA_score,Q3,19.99,1.008
7352_liver_sham_Male_2-U1,sham,tierA_score,Q4,20.01,0.717
7352_liver_sham_Male_2-U1,sham,tierA_score,Q5,19.97,0.457
7352_liver_sham_Male_2-U1,sham,senepy_score,Q1,20.07,0.119
7352_liver_sham_Male_2-U1,sham,senepy_score,Q2,19.97,0.344
7352_liver_sham_Male_2-U1,sham,senepy_score,Q3,19.99,0.723
7352_liver_sham_Male_2-U1,sham,senepy_score,Q4,20.01,1.295
7352_liver_sham_Male_2-U1,sham,senepy_score,Q5,19.97,2.523
7352_liver_sham_Male_2-U1,sham,deepscence_score,Q1,20.07,1.539
7352_liver_sham_Male_2-U1,sham,deepscence_score,Q2,19.97,1.078
7352_liver_sham_Male_2-U1,sham,deepscence_score,Q3,19.99,0.924
7352_liver_sham_Male_2-U1,sham,deepscence_score,Q4,20.01,0.772
7352_liver_sham_Male_2-U1,sham,deepscence_score,Q5,19.97,0.686
7352_liver_sham_Male_2-U1,sham,cdkn1a_counts,Q1,20.07,0.339
7352_liver_sham_Male_2-U1,sham,cdkn1a_counts,Q2,19.97,0.598
7352_liver_sham_Male_2-U1,sham,cdkn1a_counts,Q3,19.99,0.842
7352_liver_sham_Male_2-U1,sham,cdkn1a_counts,Q4,20.01,1.156
7352_liver_sham_Male_2-U1,sham,cdkn1a_counts,Q5,19.97,2.069
7361_liver_sbr_Male_2-U1,SBR,tierA_score,Q1,20.04,1.47
7361_liver_sbr_Male_2-U1,SBR,tierA_score,Q2,20.0,1.279
7361_liver_sbr_Male_2-U1,SBR,tierA_score,Q3,20.0,1.017
7361_liver_sbr_Male_2-U1,SBR,tierA_score,Q4,19.98,0.804
7361_liver_sbr_Male_2-U1,SBR,tierA_score,Q5,19.98,0.428
7361_liver_sbr_Male_2-U1,SBR,senepy_score,Q1,20.04,0.069
7361_liver_sbr_Male_2-U1,SBR,senepy_score,Q2,20.0,0.283
7361_liver_sbr_Male_2-U1,SBR,senepy_score,Q3,20.0,0.614
7361_liver_sbr_Male_2-U1,SBR,senepy_score,Q4,19.98,1.157
7361_liver_sbr_Male_2-U1,SBR,senepy_score,Q5,19.98,2.88
7361_liver_sbr_Male_2-U1,SBR,deepscence_score,Q1,20.04,1.266
7361_liver_sbr_Male_2-U1,SBR,deepscence_score,Q2,20.0,1.055
7361_liver_sbr_Male_2-U1,SBR,deepscence_score,Q3,20.0,0.955
7361_liver_sbr_Male_2-U1,SBR,deepscence_score,Q4,19.98,0.846
7361_liver_sbr_Male_2-U1,SBR,deepscence_score,Q5,19.98,0.878
7361_liver_sbr_Male_2-U1,SBR,cdkn1a_counts,Q1,20.04,0.125
7361_liver_sbr_Male_2-U1,SBR,cdkn1a_counts,Q2,20.0,0.356
7361_liver_sbr_Male_2-U1,SBR,cdkn1a_counts,Q3,20.0,0.637
7361_liver_sbr_Male_2-U1,SBR,cdkn1a_counts,Q4,19.98,1.057
7361_liver_sbr_Male_2-U1,SBR,cdkn1a_counts,Q5,19.98,2.828
7435_liver_sham_Male_10-U1,sham,tierA_score,Q1,20.06,1.701
7435_liver_sham_Male_10-U1,sham,tierA_score,Q2,20.01,1.179
7435_liver_sham_Male_10-U1,sham,tierA_score,Q3,19.98,0.974
7435_liver_sham_Male_10-U1,sham,tierA_score,Q4,19.96,0.726
7435_liver_sham_Male_10-U1,sham,tierA_score,Q5,20.0,0.417
7435_liver_sham_Male_10-U1,sham,senepy_score,Q1,20.06,0.216
7435_liver_sham_Male_10-U1,sham,senepy_score,Q2,20.01,0.535
7435_liver_sham_Male_10-U1,sham,senepy_score,Q3,19.98,0.797
7435_liver_sham_Male_10-U1,sham,senepy_score,Q4,19.96,1.169
7435_liver_sham_Male_10-U1,sham,senepy_score,Q5,20.0,2.286
7435_liver_sham_Male_10-U1,sham,deepscence_score,Q1,20.06,1.731
7435_liver_sham_Male_10-U1,sham,deepscence_score,Q2,20.01,1.173
7435_liver_sham_Male_10-U1,sham,deepscence_score,Q3,19.98,0.921
7435_liver_sham_Male_10-U1,sham,deepscence_score,Q4,19.96,0.698
7435_liver_sham_Male_10-U1,sham,deepscence_score,Q5,20.0,0.473
7435_liver_sham_Male_10-U1,sham,cdkn1a_counts,Q1,20.06,0.424
7435_liver_sham_Male_10-U1,sham,cdkn1a_counts,Q2,20.01,0.661
7435_liver_sham_Male_10-U1,sham,cdkn1a_counts,Q3,19.98,0.888
7435_liver_sham_Male_10-U1,sham,cdkn1a_counts,Q4,19.96,1.142
7435_liver_sham_Male_10-U1,sham,cdkn1a_counts,Q5,20.0,1.887
7448_liver_sbr_Male_10-U1,SBR,tierA_score,Q1,20.03,1.75
7448_liver_sbr_Male_10-U1,SBR,tierA_score,Q2,20.0,1.266
7448_liver_sbr_Male_10-U1,SBR,tierA_score,Q3,19.98,0.933
7448_liver_sbr_Male_10-U1,SBR,tierA_score,Q4,19.99,0.692
7448_liver_sbr_Male_10-U1,SBR,tierA_score,Q5,19.99,0.357
7448_liver_sbr_Male_10-U1,SBR,senepy_score,Q1,20.03,0.107
7448_liver_sbr_Male_10-U1,SBR,senepy_score,Q2,20.0,0.438
7448_liver_sbr_Male_10-U1,SBR,senepy_score,Q3,19.98,0.758
7448_liver_sbr_Male_10-U1,SBR,senepy_score,Q4,19.99,1.199
7448_liver_sbr_Male_10-U1,SBR,senepy_score,Q5,19.99,2.499
7448_liver_sbr_Male_10-U1,SBR,deepscence_score,Q1,20.03,1.108
7448_liver_sbr_Male_10-U1,SBR,deepscence_score,Q2,20.0,1.091
7448_liver_sbr_Male_10-U1,SBR,deepscence_score,Q3,19.98,1.085
7448_liver_sbr_Male_10-U1,SBR,deepscence_score,Q4,19.99,0.942
7448_liver_sbr_Male_10-U1,SBR,deepscence_score,Q5,19.99,0.773
7448_liver_sbr_Male_10-U1,SBR,cdkn1a_counts,Q1,20.03,0.233
7448_liver_sbr_Male_10-U1,SBR,cdkn1a_counts,Q2,20.0,0.444
7448_liver_sbr_Male_10-U1,SBR,cdkn1a_counts,Q3,19.98,0.76
7448_liver_sbr_Male_10-U1,SBR,cdkn1a_counts,Q4,19.99,1.189
7448_liver_sbr_Male_10-U1,SBR,cdkn1a_counts,Q5,19.99,2.376
7450_liver_sbr_Male_10-U1,SBR,tierA_score,Q1,20.06,1.843
7450_liver_sbr_Male_10-U1,SBR,tierA_score,Q2,19.98,1.197
7450_liver_sbr_Male_10-U1,SBR,tierA_score,Q3,20.0,0.931
7450_liver_sbr_Male_10-U1,SBR,tierA_score,Q4,19.98,0.657
7450_liver_sbr_Male_10-U1,SBR,tierA_score,Q5,19.98,0.368
7450_liver_sbr_Male_10-U1,SBR,senepy_score,Q1,20.06,0.103
7450_liver_sbr_Male_10-U1,SBR,senepy_score,Q2,19.98,0.378
7450_liver_sbr_Male_10-U1,SBR,senepy_score,Q3,20.0,0.723
7450_liver_sbr_Male_10-U1,SBR,senepy_score,Q4,19.98,1.205
7450_liver_sbr_Male_10-U1,SBR,senepy_score,Q5,19.98,2.595
7450_liver_sbr_Male_10-U1,SBR,deepscence_score,Q1,20.06,1.174
7450_liver_sbr_Male_10-U1,SBR,deepscence_score,Q2,19.98,1.052
7450_liver_sbr_Male_10-U1,SBR,deepscence_score,Q3,20.0,0.966
7450_liver_sbr_Male_10-U1,SBR,deepscence_score,Q4,19.98,0.873
7450_liver_sbr_Male_10-U1,SBR,deepscence_score,Q5,19.98,0.933
7450_liver_sbr_Male_10-U1,SBR,cdkn1a_counts,Q1,20.06,0.113
7450_liver_sbr_Male_10-U1,SBR,cdkn1a_counts,Q2,19.98,0.247
7450_liver_sbr_Male_10-U1,SBR,cdkn1a_counts,Q3,20.0,0.508
7450_liver_sbr_Male_10-U1,SBR,cdkn1a_counts,Q4,19.98,1.002
7450_liver_sbr_Male_10-U1,SBR,cdkn1a_counts,Q5,19.98,3.135
