section,arm,caller,cell_type,bg_pct,call_pct,enrichment,n_called
7001_liver_sham_Male_52-U1,sham,tierA_score,Hepatocytes,44.293,28.494,0.643,1992
7001_liver_sham_Male_52-U1,sham,tierA_score,Biliary/ductular,16.582,21.485,1.296,1502
7001_liver_sham_Male_52-U1,sham,tierA_score,Kupffer cells,13.613,13.632,1.001,953
7001_liver_sham_Male_52-U1,sham,tierA_score,LSECs,13.291,9.226,0.694,645
7001_liver_sham_Male_52-U1,sham,tierA_score,T/NK cells,3.709,11.157,3.008,780
7001_liver_sham_Male_52-U1,sham,tierA_score,DC,2.351,3.905,1.661,273
7001_liver_sham_Male_52-U1,sham,tierA_score,vSMCs,2.169,2.746,1.266,192
7001_liver_sham_Male_52-U1,sham,tierA_score,Proliferating,1.455,5.092,3.5,356
7001_liver_sham_Male_52-U1,sham,tierA_score,B-cells,1.294,3.347,2.586,234
7001_liver_sham_Male_52-U1,sham,tierA_score,Central venous LSECs,1.242,0.915,0.737,64
7001_liver_sham_Male_52-U1,sham,senepy_score,Hepatocytes,44.293,1.292,0.029,70
7001_liver_sham_Male_52-U1,sham,senepy_score,Biliary/ductular,16.582,0.0,0.0,0
7001_liver_sham_Male_52-U1,sham,senepy_score,Kupffer cells,13.613,98.375,7.227,5328
7001_liver_sham_Male_52-U1,sham,senepy_score,LSECs,13.291,0.332,0.025,18
7001_liver_sham_Male_52-U1,sham,senepy_score,T/NK cells,3.709,0.0,0.0,0
7001_liver_sham_Male_52-U1,sham,senepy_score,DC,2.351,0.0,0.0,0
7001_liver_sham_Male_52-U1,sham,senepy_score,vSMCs,2.169,0.0,0.0,0
7001_liver_sham_Male_52-U1,sham,senepy_score,Proliferating,1.455,0.0,0.0,0
7001_liver_sham_Male_52-U1,sham,senepy_score,B-cells,1.294,0.0,0.0,0
7001_liver_sham_Male_52-U1,sham,senepy_score,Central venous LSECs,1.242,0.0,0.0,0
7001_liver_sham_Male_52-U1,sham,deepscence_score,Hepatocytes,44.293,74.088,1.673,5181
7001_liver_sham_Male_52-U1,sham,deepscence_score,Biliary/ductular,16.582,23.309,1.406,1630
7001_liver_sham_Male_52-U1,sham,deepscence_score,Kupffer cells,13.613,0.944,0.069,66
7001_liver_sham_Male_52-U1,sham,deepscence_score,LSECs,13.291,0.629,0.047,44
7001_liver_sham_Male_52-U1,sham,deepscence_score,T/NK cells,3.709,0.114,0.031,8
7001_liver_sham_Male_52-U1,sham,deepscence_score,DC,2.351,0.114,0.049,8
7001_liver_sham_Male_52-U1,sham,deepscence_score,vSMCs,2.169,0.229,0.105,16
7001_liver_sham_Male_52-U1,sham,deepscence_score,Proliferating,1.455,0.343,0.236,24
7001_liver_sham_Male_52-U1,sham,deepscence_score,B-cells,1.294,0.057,0.044,4
7001_liver_sham_Male_52-U1,sham,deepscence_score,Central venous LSECs,1.242,0.172,0.138,12
7001_liver_sham_Male_52-U1,sham,cdkn1a_counts,Hepatocytes,44.293,63.625,1.436,1011
7001_liver_sham_Male_52-U1,sham,cdkn1a_counts,Biliary/ductular,16.582,4.783,0.288,76
7001_liver_sham_Male_52-U1,sham,cdkn1a_counts,Kupffer cells,13.613,11.894,0.874,189
7001_liver_sham_Male_52-U1,sham,cdkn1a_counts,LSECs,13.291,6.86,0.516,109
7001_liver_sham_Male_52-U1,sham,cdkn1a_counts,T/NK cells,3.709,1.322,0.356,21
7001_liver_sham_Male_52-U1,sham,cdkn1a_counts,DC,2.351,1.196,0.509,19
7001_liver_sham_Male_52-U1,sham,cdkn1a_counts,vSMCs,2.169,0.692,0.319,11
7001_liver_sham_Male_52-U1,sham,cdkn1a_counts,Proliferating,1.455,9.44,6.488,150
7001_liver_sham_Male_52-U1,sham,cdkn1a_counts,B-cells,1.294,0.063,0.049,1
7001_liver_sham_Male_52-U1,sham,cdkn1a_counts,Central venous LSECs,1.242,0.126,0.101,2
7239_liver_sbr_Male_52-U1,SBR,tierA_score,Hepatocytes,36.134,7.188,0.199,271
7239_liver_sbr_Male_52-U1,SBR,tierA_score,Biliary/ductular,22.2,37.905,1.707,1429
7239_liver_sbr_Male_52-U1,SBR,tierA_score,Hepatic stellate cells,11.509,9.204,0.8,347
7239_liver_sbr_Male_52-U1,SBR,tierA_score,LSECs,10.131,5.782,0.571,218
7239_liver_sbr_Male_52-U1,SBR,tierA_score,Kupffer cells,9.036,9.549,1.057,360
7239_liver_sbr_Male_52-U1,SBR,tierA_score,T/NK cells,3.007,11.538,3.837,435
7239_liver_sbr_Male_52-U1,SBR,tierA_score,DC,2.7,6.472,2.398,244
7239_liver_sbr_Male_52-U1,SBR,tierA_score,vSMCs,2.217,2.202,0.993,83
7239_liver_sbr_Male_52-U1,SBR,tierA_score,B-cells,1.208,5.146,4.258,194
7239_liver_sbr_Male_52-U1,SBR,tierA_score,Proliferating,0.919,4.324,4.703,163
7239_liver_sbr_Male_52-U1,SBR,tierA_score,Central venous LSECs,0.877,0.663,0.756,25
7239_liver_sbr_Male_52-U1,SBR,tierA_score,Mesothelial cells,0.062,0.027,0.425,1
7239_liver_sbr_Male_52-U1,SBR,senepy_score,Hepatocytes,36.134,9.574,0.265,218
7239_liver_sbr_Male_52-U1,SBR,senepy_score,Biliary/ductular,22.2,0.0,0.0,0
7239_liver_sbr_Male_52-U1,SBR,senepy_score,Hepatic stellate cells,11.509,0.0,0.0,0
7239_liver_sbr_Male_52-U1,SBR,senepy_score,LSECs,10.131,0.483,0.048,11
7239_liver_sbr_Male_52-U1,SBR,senepy_score,Kupffer cells,9.036,89.943,9.953,2048
7239_liver_sbr_Male_52-U1,SBR,senepy_score,T/NK cells,3.007,0.0,0.0,0
7239_liver_sbr_Male_52-U1,SBR,senepy_score,DC,2.7,0.0,0.0,0
7239_liver_sbr_Male_52-U1,SBR,senepy_score,vSMCs,2.217,0.0,0.0,0
7239_liver_sbr_Male_52-U1,SBR,senepy_score,B-cells,1.208,0.0,0.0,0
7239_liver_sbr_Male_52-U1,SBR,senepy_score,Proliferating,0.919,0.0,0.0,0
7239_liver_sbr_Male_52-U1,SBR,senepy_score,Central venous LSECs,0.877,0.0,0.0,0
7239_liver_sbr_Male_52-U1,SBR,senepy_score,Mesothelial cells,0.062,0.0,0.0,0
7239_liver_sbr_Male_52-U1,SBR,deepscence_score,Hepatocytes,36.134,71.512,1.979,2696
7239_liver_sbr_Male_52-U1,SBR,deepscence_score,Biliary/ductular,22.2,26.552,1.196,1001
7239_liver_sbr_Male_52-U1,SBR,deepscence_score,Hepatic stellate cells,11.509,0.557,0.048,21
7239_liver_sbr_Male_52-U1,SBR,deepscence_score,LSECs,10.131,0.292,0.029,11
7239_liver_sbr_Male_52-U1,SBR,deepscence_score,Kupffer cells,9.036,0.265,0.029,10
7239_liver_sbr_Male_52-U1,SBR,deepscence_score,T/NK cells,3.007,0.212,0.071,8
7239_liver_sbr_Male_52-U1,SBR,deepscence_score,DC,2.7,0.053,0.02,2
7239_liver_sbr_Male_52-U1,SBR,deepscence_score,vSMCs,2.217,0.053,0.024,2
7239_liver_sbr_Male_52-U1,SBR,deepscence_score,B-cells,1.208,0.053,0.044,2
7239_liver_sbr_Male_52-U1,SBR,deepscence_score,Proliferating,0.919,0.345,0.375,13
7239_liver_sbr_Male_52-U1,SBR,deepscence_score,Central venous LSECs,0.877,0.106,0.121,4
7239_liver_sbr_Male_52-U1,SBR,deepscence_score,Mesothelial cells,0.062,0.0,0.0,0
7239_liver_sbr_Male_52-U1,SBR,cdkn1a_counts,Hepatocytes,36.134,92.706,2.566,2720
7239_liver_sbr_Male_52-U1,SBR,cdkn1a_counts,Biliary/ductular,22.2,0.716,0.032,21
7239_liver_sbr_Male_52-U1,SBR,cdkn1a_counts,Hepatic stellate cells,11.509,0.443,0.038,13
7239_liver_sbr_Male_52-U1,SBR,cdkn1a_counts,LSECs,10.131,0.648,0.064,19
7239_liver_sbr_Male_52-U1,SBR,cdkn1a_counts,Kupffer cells,9.036,0.545,0.06,16
7239_liver_sbr_Male_52-U1,SBR,cdkn1a_counts,T/NK cells,3.007,0.17,0.057,5
7239_liver_sbr_Male_52-U1,SBR,cdkn1a_counts,DC,2.7,0.102,0.038,3
7239_liver_sbr_Male_52-U1,SBR,cdkn1a_counts,vSMCs,2.217,0.136,0.062,4
7239_liver_sbr_Male_52-U1,SBR,cdkn1a_counts,B-cells,1.208,0.034,0.028,1
7239_liver_sbr_Male_52-U1,SBR,cdkn1a_counts,Proliferating,0.919,4.397,4.783,129
7239_liver_sbr_Male_52-U1,SBR,cdkn1a_counts,Central venous LSECs,0.877,0.034,0.039,1
7239_liver_sbr_Male_52-U1,SBR,cdkn1a_counts,Mesothelial cells,0.062,0.068,1.093,2
7248_liver_sham_Male_26-U1,sham,tierA_score,Hepatocytes,55.099,25.304,0.459,2473
7248_liver_sham_Male_26-U1,sham,tierA_score,LSECs,16.57,21.426,1.293,2094
7248_liver_sham_Male_26-U1,sham,tierA_score,Hepatic stellate cells,8.069,6.405,0.794,626
7248_liver_sham_Male_26-U1,sham,tierA_score,Kupffer cells,7.353,8.186,1.113,800
7248_liver_sham_Male_26-U1,sham,tierA_score,Biliary/ductular,4.305,10.038,2.332,981
7248_liver_sham_Male_26-U1,sham,tierA_score,vSMCs,3.492,7.93,2.271,775
7248_liver_sham_Male_26-U1,sham,tierA_score,T/NK cells,2.654,13.118,4.943,1282
7248_liver_sham_Male_26-U1,sham,tierA_score,Central venous LSECs,1.259,2.394,1.902,234
7248_liver_sham_Male_26-U1,sham,tierA_score,B-cells,0.671,2.323,3.463,227
7248_liver_sham_Male_26-U1,sham,tierA_score,Proliferating,0.529,2.875,5.435,281
7248_liver_sham_Male_26-U1,sham,senepy_score,Hepatocytes,55.099,17.16,0.311,1402
7248_liver_sham_Male_26-U1,sham,senepy_score,LSECs,16.57,4.149,0.25,339
7248_liver_sham_Male_26-U1,sham,senepy_score,Hepatic stellate cells,8.069,0.0,0.0,0
7248_liver_sham_Male_26-U1,sham,senepy_score,Kupffer cells,7.353,78.568,10.685,6419
7248_liver_sham_Male_26-U1,sham,senepy_score,Biliary/ductular,4.305,0.0,0.0,0
7248_liver_sham_Male_26-U1,sham,senepy_score,vSMCs,3.492,0.0,0.0,0
7248_liver_sham_Male_26-U1,sham,senepy_score,T/NK cells,2.654,0.0,0.0,0
7248_liver_sham_Male_26-U1,sham,senepy_score,Central venous LSECs,1.259,0.073,0.058,6
7248_liver_sham_Male_26-U1,sham,senepy_score,B-cells,0.671,0.049,0.073,4
7248_liver_sham_Male_26-U1,sham,senepy_score,Proliferating,0.529,0.0,0.0,0
7248_liver_sham_Male_26-U1,sham,deepscence_score,Hepatocytes,55.099,89.543,1.625,8751
7248_liver_sham_Male_26-U1,sham,deepscence_score,LSECs,16.57,1.791,0.108,175
7248_liver_sham_Male_26-U1,sham,deepscence_score,Hepatic stellate cells,8.069,0.624,0.077,61
7248_liver_sham_Male_26-U1,sham,deepscence_score,Kupffer cells,7.353,0.593,0.081,58
7248_liver_sham_Male_26-U1,sham,deepscence_score,Biliary/ductular,4.305,6.487,1.507,634
7248_liver_sham_Male_26-U1,sham,deepscence_score,vSMCs,3.492,0.46,0.132,45
7248_liver_sham_Male_26-U1,sham,deepscence_score,T/NK cells,2.654,0.246,0.093,24
7248_liver_sham_Male_26-U1,sham,deepscence_score,Central venous LSECs,1.259,0.123,0.098,12
7248_liver_sham_Male_26-U1,sham,deepscence_score,B-cells,0.671,0.102,0.153,10
7248_liver_sham_Male_26-U1,sham,deepscence_score,Proliferating,0.529,0.031,0.058,3
7248_liver_sham_Male_26-U1,sham,cdkn1a_counts,Hepatocytes,55.099,68.062,1.235,5300
7248_liver_sham_Male_26-U1,sham,cdkn1a_counts,LSECs,16.57,11.738,0.708,914
7248_liver_sham_Male_26-U1,sham,cdkn1a_counts,Hepatic stellate cells,8.069,4.315,0.535,336
7248_liver_sham_Male_26-U1,sham,cdkn1a_counts,Kupffer cells,7.353,5.856,0.796,456
7248_liver_sham_Male_26-U1,sham,cdkn1a_counts,Biliary/ductular,4.305,2.71,0.629,211
7248_liver_sham_Male_26-U1,sham,cdkn1a_counts,vSMCs,3.492,1.464,0.419,114
7248_liver_sham_Male_26-U1,sham,cdkn1a_counts,T/NK cells,2.654,2.157,0.813,168
7248_liver_sham_Male_26-U1,sham,cdkn1a_counts,Central venous LSECs,1.259,0.372,0.296,29
7248_liver_sham_Male_26-U1,sham,cdkn1a_counts,B-cells,0.671,0.411,0.613,32
7248_liver_sham_Male_26-U1,sham,cdkn1a_counts,Proliferating,0.529,2.915,5.51,227
7250_liver_sham_Male_26-U1,sham,tierA_score,Hepatocytes,55.69,36.669,0.658,4001
7250_liver_sham_Male_26-U1,sham,tierA_score,LSECs,15.978,21.666,1.356,2364
7250_liver_sham_Male_26-U1,sham,tierA_score,Kupffer cells,8.792,8.743,0.995,954
7250_liver_sham_Male_26-U1,sham,tierA_score,Hepatic stellate cells,7.751,6.15,0.793,671
7250_liver_sham_Male_26-U1,sham,tierA_score,Biliary/ductular,3.185,5.637,1.769,615
7250_liver_sham_Male_26-U1,sham,tierA_score,vSMCs,3.174,5.875,1.851,641
7250_liver_sham_Male_26-U1,sham,tierA_score,T/NK cells,1.813,6.855,3.781,748
7250_liver_sham_Male_26-U1,sham,tierA_score,Portal endothelial cells,1.496,3.116,2.083,340
7250_liver_sham_Male_26-U1,sham,tierA_score,Central venous LSECs,1.117,1.915,1.715,209
7250_liver_sham_Male_26-U1,sham,tierA_score,B-cells,0.482,1.521,3.154,166
7250_liver_sham_Male_26-U1,sham,tierA_score,Mesothelial cells,0.267,0.266,0.995,29
7250_liver_sham_Male_26-U1,sham,tierA_score,Proliferating,0.255,1.586,6.225,173
7250_liver_sham_Male_26-U1,sham,senepy_score,Hepatocytes,55.69,14.551,0.261,1332
7250_liver_sham_Male_26-U1,sham,senepy_score,LSECs,15.978,1.77,0.111,162
7250_liver_sham_Male_26-U1,sham,senepy_score,Kupffer cells,8.792,83.483,9.496,7642
7250_liver_sham_Male_26-U1,sham,senepy_score,Hepatic stellate cells,7.751,0.0,0.0,0
7250_liver_sham_Male_26-U1,sham,senepy_score,Biliary/ductular,3.185,0.0,0.0,0
7250_liver_sham_Male_26-U1,sham,senepy_score,vSMCs,3.174,0.0,0.0,0
7250_liver_sham_Male_26-U1,sham,senepy_score,T/NK cells,1.813,0.0,0.0,0
7250_liver_sham_Male_26-U1,sham,senepy_score,Portal endothelial cells,1.496,0.0,0.0,0
7250_liver_sham_Male_26-U1,sham,senepy_score,Central venous LSECs,1.117,0.098,0.088,9
7250_liver_sham_Male_26-U1,sham,senepy_score,B-cells,0.482,0.098,0.204,9
7250_liver_sham_Male_26-U1,sham,senepy_score,Mesothelial cells,0.267,0.0,0.0,0
7250_liver_sham_Male_26-U1,sham,senepy_score,Proliferating,0.255,0.0,0.0,0
7250_liver_sham_Male_26-U1,sham,deepscence_score,Hepatocytes,55.69,1.484,0.027,162
7250_liver_sham_Male_26-U1,sham,deepscence_score,LSECs,15.978,24.418,1.528,2665
7250_liver_sham_Male_26-U1,sham,deepscence_score,Kupffer cells,8.792,40.599,4.618,4431
7250_liver_sham_Male_26-U1,sham,deepscence_score,Hepatic stellate cells,7.751,11.132,1.436,1215
7250_liver_sham_Male_26-U1,sham,deepscence_score,Biliary/ductular,3.185,1.219,0.383,133
7250_liver_sham_Male_26-U1,sham,deepscence_score,vSMCs,3.174,10.29,3.242,1123
7250_liver_sham_Male_26-U1,sham,deepscence_score,T/NK cells,1.813,4.261,2.35,465
7250_liver_sham_Male_26-U1,sham,deepscence_score,Portal endothelial cells,1.496,1.878,1.255,205
7250_liver_sham_Male_26-U1,sham,deepscence_score,Central venous LSECs,1.117,1.851,1.657,202
7250_liver_sham_Male_26-U1,sham,deepscence_score,B-cells,0.482,1.1,2.279,120
7250_liver_sham_Male_26-U1,sham,deepscence_score,Mesothelial cells,0.267,0.183,0.686,20
7250_liver_sham_Male_26-U1,sham,deepscence_score,Proliferating,0.255,1.585,6.223,173
7250_liver_sham_Male_26-U1,sham,cdkn1a_counts,Hepatocytes,55.69,36.706,0.659,584
7250_liver_sham_Male_26-U1,sham,cdkn1a_counts,LSECs,15.978,27.027,1.692,430
7250_liver_sham_Male_26-U1,sham,cdkn1a_counts,Kupffer cells,8.792,8.988,1.022,143
7250_liver_sham_Male_26-U1,sham,cdkn1a_counts,Hepatic stellate cells,7.751,3.583,0.462,57
7250_liver_sham_Male_26-U1,sham,cdkn1a_counts,Biliary/ductular,3.185,4.84,1.519,77
7250_liver_sham_Male_26-U1,sham,cdkn1a_counts,vSMCs,3.174,5.783,1.822,92
7250_liver_sham_Male_26-U1,sham,cdkn1a_counts,T/NK cells,1.813,2.828,1.56,45
7250_liver_sham_Male_26-U1,sham,cdkn1a_counts,Portal endothelial cells,1.496,1.823,1.218,29
7250_liver_sham_Male_26-U1,sham,cdkn1a_counts,Central venous LSECs,1.117,1.697,1.519,27
7250_liver_sham_Male_26-U1,sham,cdkn1a_counts,B-cells,0.482,0.503,1.042,8
7250_liver_sham_Male_26-U1,sham,cdkn1a_counts,Mesothelial cells,0.267,0.251,0.941,4
7250_liver_sham_Male_26-U1,sham,cdkn1a_counts,Proliferating,0.255,5.971,23.441,95
7259_liver_sbr_Male_26-U1,SBR,tierA_score,Biliary/ductular,28.595,34.385,1.203,1972
7259_liver_sbr_Male_26-U1,SBR,tierA_score,Hepatocytes,26.24,8.37,0.319,480
7259_liver_sbr_Male_26-U1,SBR,tierA_score,Hepatic stellate cells,13.179,9.451,0.717,542
7259_liver_sbr_Male_26-U1,SBR,tierA_score,Kupffer cells,11.517,14.246,1.237,817
7259_liver_sbr_Male_26-U1,SBR,tierA_score,LSECs,11.3,8.195,0.725,470
7259_liver_sbr_Male_26-U1,SBR,tierA_score,T/NK cells,5.498,16.757,3.048,961
7259_liver_sbr_Male_26-U1,SBR,tierA_score,DC,2.412,6.051,2.509,347
7259_liver_sbr_Male_26-U1,SBR,tierA_score,B-cells,0.673,2.145,3.187,123
7259_liver_sbr_Male_26-U1,SBR,tierA_score,Proliferating,0.588,0.401,0.683,23
7259_liver_sbr_Male_26-U1,SBR,senepy_score,Biliary/ductular,28.595,0.0,0.0,0
7259_liver_sbr_Male_26-U1,SBR,senepy_score,Hepatocytes,26.24,4.167,0.159,132
7259_liver_sbr_Male_26-U1,SBR,senepy_score,Hepatic stellate cells,13.179,0.0,0.0,0
7259_liver_sbr_Male_26-U1,SBR,senepy_score,Kupffer cells,11.517,95.612,8.302,3029
7259_liver_sbr_Male_26-U1,SBR,senepy_score,LSECs,11.3,0.221,0.02,7
7259_liver_sbr_Male_26-U1,SBR,senepy_score,T/NK cells,5.498,0.0,0.0,0
7259_liver_sbr_Male_26-U1,SBR,senepy_score,DC,2.412,0.0,0.0,0
7259_liver_sbr_Male_26-U1,SBR,senepy_score,B-cells,0.673,0.0,0.0,0
7259_liver_sbr_Male_26-U1,SBR,senepy_score,Proliferating,0.588,0.0,0.0,0
7259_liver_sbr_Male_26-U1,SBR,deepscence_score,Biliary/ductular,28.595,28.365,0.992,1627
7259_liver_sbr_Male_26-U1,SBR,deepscence_score,Hepatocytes,26.24,64.505,2.458,3700
7259_liver_sbr_Male_26-U1,SBR,deepscence_score,Hepatic stellate cells,13.179,1.22,0.093,70
7259_liver_sbr_Male_26-U1,SBR,deepscence_score,Kupffer cells,11.517,0.872,0.076,50
7259_liver_sbr_Male_26-U1,SBR,deepscence_score,LSECs,11.3,2.789,0.247,160
7259_liver_sbr_Male_26-U1,SBR,deepscence_score,T/NK cells,5.498,0.75,0.136,43
7259_liver_sbr_Male_26-U1,SBR,deepscence_score,DC,2.412,0.105,0.043,6
7259_liver_sbr_Male_26-U1,SBR,deepscence_score,B-cells,0.673,0.105,0.155,6
7259_liver_sbr_Male_26-U1,SBR,deepscence_score,Proliferating,0.588,1.29,2.196,74
7259_liver_sbr_Male_26-U1,SBR,cdkn1a_counts,Biliary/ductular,28.595,10.611,0.371,556
7259_liver_sbr_Male_26-U1,SBR,cdkn1a_counts,Hepatocytes,26.24,55.363,2.11,2901
7259_liver_sbr_Male_26-U1,SBR,cdkn1a_counts,Hepatic stellate cells,13.179,6.66,0.505,349
7259_liver_sbr_Male_26-U1,SBR,cdkn1a_counts,Kupffer cells,11.517,7.385,0.641,387
7259_liver_sbr_Male_26-U1,SBR,cdkn1a_counts,LSECs,11.3,13.607,1.204,713
7259_liver_sbr_Male_26-U1,SBR,cdkn1a_counts,T/NK cells,5.498,2.443,0.444,128
7259_liver_sbr_Male_26-U1,SBR,cdkn1a_counts,DC,2.412,1.164,0.483,61
7259_liver_sbr_Male_26-U1,SBR,cdkn1a_counts,B-cells,0.673,0.286,0.425,15
7259_liver_sbr_Male_26-U1,SBR,cdkn1a_counts,Proliferating,0.588,2.481,4.223,130
7260_liver_sbr_Male_26-U1,SBR,tierA_score,Hepatocytes,31.03,12.878,0.415,1163
7260_liver_sbr_Male_26-U1,SBR,tierA_score,Hepatic stellate cells,16.911,13.498,0.798,1219
7260_liver_sbr_Male_26-U1,SBR,tierA_score,Biliary/ductular,16.119,20.673,1.283,1867
7260_liver_sbr_Male_26-U1,SBR,tierA_score,LSECs,12.065,10.065,0.834,909
7260_liver_sbr_Male_26-U1,SBR,tierA_score,Inflammatory macs,8.074,11.804,1.462,1066
7260_liver_sbr_Male_26-U1,SBR,tierA_score,DC,3.209,5.957,1.856,538
7260_liver_sbr_Male_26-U1,SBR,tierA_score,T/NK cells,3.129,9.478,3.029,856
7260_liver_sbr_Male_26-U1,SBR,tierA_score,vSMCs,2.913,3.964,1.361,358
7260_liver_sbr_Male_26-U1,SBR,tierA_score,Kupffer cells,2.501,2.082,0.832,188
7260_liver_sbr_Male_26-U1,SBR,tierA_score,Proliferating,1.97,5.514,2.799,498
7260_liver_sbr_Male_26-U1,SBR,tierA_score,B-cells,1.063,3.167,2.98,286
7260_liver_sbr_Male_26-U1,SBR,tierA_score,Central venous LSECs,1.015,0.919,0.906,83
7260_liver_sbr_Male_26-U1,SBR,senepy_score,Hepatocytes,31.03,50.874,1.64,2706
7260_liver_sbr_Male_26-U1,SBR,senepy_score,Hepatic stellate cells,16.911,0.0,0.0,0
7260_liver_sbr_Male_26-U1,SBR,senepy_score,Biliary/ductular,16.119,0.0,0.0,0
7260_liver_sbr_Male_26-U1,SBR,senepy_score,LSECs,12.065,5.979,0.496,318
7260_liver_sbr_Male_26-U1,SBR,senepy_score,Inflammatory macs,8.074,0.0,0.0,0
7260_liver_sbr_Male_26-U1,SBR,senepy_score,DC,3.209,0.0,0.0,0
7260_liver_sbr_Male_26-U1,SBR,senepy_score,T/NK cells,3.129,0.019,0.006,1
7260_liver_sbr_Male_26-U1,SBR,senepy_score,vSMCs,2.913,0.0,0.0,0
7260_liver_sbr_Male_26-U1,SBR,senepy_score,Kupffer cells,2.501,40.647,16.251,2162
7260_liver_sbr_Male_26-U1,SBR,senepy_score,Proliferating,1.97,0.0,0.0,0
7260_liver_sbr_Male_26-U1,SBR,senepy_score,B-cells,1.063,0.94,0.885,50
7260_liver_sbr_Male_26-U1,SBR,senepy_score,Central venous LSECs,1.015,1.542,1.52,82
7260_liver_sbr_Male_26-U1,SBR,deepscence_score,Hepatocytes,31.03,58.357,1.881,5272
7260_liver_sbr_Male_26-U1,SBR,deepscence_score,Hepatic stellate cells,16.911,3.221,0.19,291
7260_liver_sbr_Male_26-U1,SBR,deepscence_score,Biliary/ductular,16.119,33.042,2.05,2985
7260_liver_sbr_Male_26-U1,SBR,deepscence_score,LSECs,12.065,1.085,0.09,98
7260_liver_sbr_Male_26-U1,SBR,deepscence_score,Inflammatory macs,8.074,0.465,0.058,42
7260_liver_sbr_Male_26-U1,SBR,deepscence_score,DC,3.209,0.277,0.086,25
7260_liver_sbr_Male_26-U1,SBR,deepscence_score,T/NK cells,3.129,0.299,0.096,27
7260_liver_sbr_Male_26-U1,SBR,deepscence_score,vSMCs,2.913,0.786,0.27,71
7260_liver_sbr_Male_26-U1,SBR,deepscence_score,Kupffer cells,2.501,0.144,0.058,13
7260_liver_sbr_Male_26-U1,SBR,deepscence_score,Proliferating,1.97,2.081,1.056,188
7260_liver_sbr_Male_26-U1,SBR,deepscence_score,B-cells,1.063,0.177,0.167,16
7260_liver_sbr_Male_26-U1,SBR,deepscence_score,Central venous LSECs,1.015,0.066,0.065,6
7260_liver_sbr_Male_26-U1,SBR,cdkn1a_counts,Hepatocytes,31.03,52.823,1.702,1319
7260_liver_sbr_Male_26-U1,SBR,cdkn1a_counts,Hepatic stellate cells,16.911,2.683,0.159,67
7260_liver_sbr_Male_26-U1,SBR,cdkn1a_counts,Biliary/ductular,16.119,2.563,0.159,64
7260_liver_sbr_Male_26-U1,SBR,cdkn1a_counts,LSECs,12.065,4.125,0.342,103
7260_liver_sbr_Male_26-U1,SBR,cdkn1a_counts,Inflammatory macs,8.074,2.443,0.303,61
7260_liver_sbr_Male_26-U1,SBR,cdkn1a_counts,DC,3.209,1.161,0.362,29
7260_liver_sbr_Male_26-U1,SBR,cdkn1a_counts,T/NK cells,3.129,0.601,0.192,15
7260_liver_sbr_Male_26-U1,SBR,cdkn1a_counts,vSMCs,2.913,0.32,0.11,8
7260_liver_sbr_Male_26-U1,SBR,cdkn1a_counts,Kupffer cells,2.501,1.001,0.4,25
7260_liver_sbr_Male_26-U1,SBR,cdkn1a_counts,Proliferating,1.97,31.798,16.137,794
7260_liver_sbr_Male_26-U1,SBR,cdkn1a_counts,B-cells,1.063,0.2,0.188,5
7260_liver_sbr_Male_26-U1,SBR,cdkn1a_counts,Central venous LSECs,1.015,0.28,0.276,7
7352_liver_sham_Male_2-U1,sham,tierA_score,Hepatocytes,60.851,45.203,0.743,2766
7352_liver_sham_Male_2-U1,sham,tierA_score,LSECs,13.108,14.806,1.13,906
7352_liver_sham_Male_2-U1,sham,tierA_score,Kupffer cells,7.361,6.749,0.917,413
7352_liver_sham_Male_2-U1,sham,tierA_score,Hepatic stellate cells,6.95,5.802,0.835,355
7352_liver_sham_Male_2-U1,sham,tierA_score,vSMCs,3.378,5.099,1.509,312
7352_liver_sham_Male_2-U1,sham,tierA_score,Biliary/ductular,3.362,6.063,1.804,371
7352_liver_sham_Male_2-U1,sham,tierA_score,T/NK cells,2.509,9.887,3.94,605
7352_liver_sham_Male_2-U1,sham,tierA_score,DC,1.503,2.827,1.881,173
7352_liver_sham_Male_2-U1,sham,tierA_score,B-cells,0.572,1.928,3.371,118
7352_liver_sham_Male_2-U1,sham,tierA_score,Proliferating,0.407,1.634,4.016,100
7352_liver_sham_Male_2-U1,sham,senepy_score,Hepatocytes,60.851,30.01,0.493,1550
7352_liver_sham_Male_2-U1,sham,senepy_score,LSECs,13.108,7.744,0.591,400
7352_liver_sham_Male_2-U1,sham,senepy_score,Kupffer cells,7.361,62.033,8.428,3204
7352_liver_sham_Male_2-U1,sham,senepy_score,Hepatic stellate cells,6.95,0.0,0.0,0
7352_liver_sham_Male_2-U1,sham,senepy_score,vSMCs,3.378,0.0,0.0,0
7352_liver_sham_Male_2-U1,sham,senepy_score,Biliary/ductular,3.362,0.0,0.0,0
7352_liver_sham_Male_2-U1,sham,senepy_score,T/NK cells,2.509,0.0,0.0,0
7352_liver_sham_Male_2-U1,sham,senepy_score,DC,1.503,0.0,0.0,0
7352_liver_sham_Male_2-U1,sham,senepy_score,B-cells,0.572,0.213,0.372,11
7352_liver_sham_Male_2-U1,sham,senepy_score,Proliferating,0.407,0.0,0.0,0
7352_liver_sham_Male_2-U1,sham,deepscence_score,Hepatocytes,60.851,97.238,1.598,5950
7352_liver_sham_Male_2-U1,sham,deepscence_score,LSECs,13.108,0.932,0.071,57
7352_liver_sham_Male_2-U1,sham,deepscence_score,Kupffer cells,7.361,0.245,0.033,15
7352_liver_sham_Male_2-U1,sham,deepscence_score,Hepatic stellate cells,6.95,0.49,0.071,30
7352_liver_sham_Male_2-U1,sham,deepscence_score,vSMCs,3.378,0.18,0.053,11
7352_liver_sham_Male_2-U1,sham,deepscence_score,Biliary/ductular,3.362,0.523,0.156,32
7352_liver_sham_Male_2-U1,sham,deepscence_score,T/NK cells,2.509,0.229,0.091,14
7352_liver_sham_Male_2-U1,sham,deepscence_score,DC,1.503,0.065,0.044,4
7352_liver_sham_Male_2-U1,sham,deepscence_score,B-cells,0.572,0.065,0.114,4
7352_liver_sham_Male_2-U1,sham,deepscence_score,Proliferating,0.407,0.033,0.08,2
7352_liver_sham_Male_2-U1,sham,cdkn1a_counts,Hepatocytes,60.851,77.098,1.267,781
7352_liver_sham_Male_2-U1,sham,cdkn1a_counts,LSECs,13.108,10.563,0.806,107
7352_liver_sham_Male_2-U1,sham,cdkn1a_counts,Kupffer cells,7.361,1.974,0.268,20
7352_liver_sham_Male_2-U1,sham,cdkn1a_counts,Hepatic stellate cells,6.95,2.665,0.384,27
7352_liver_sham_Male_2-U1,sham,cdkn1a_counts,vSMCs,3.378,0.691,0.205,7
7352_liver_sham_Male_2-U1,sham,cdkn1a_counts,Biliary/ductular,3.362,1.876,0.558,19
7352_liver_sham_Male_2-U1,sham,cdkn1a_counts,T/NK cells,2.509,0.099,0.039,1
7352_liver_sham_Male_2-U1,sham,cdkn1a_counts,DC,1.503,1.579,1.051,16
7352_liver_sham_Male_2-U1,sham,cdkn1a_counts,B-cells,0.572,0.296,0.518,3
7352_liver_sham_Male_2-U1,sham,cdkn1a_counts,Proliferating,0.407,3.159,7.763,32
7361_liver_sbr_Male_2-U1,SBR,tierA_score,Hepatocytes,50.386,41.144,0.817,3324
7361_liver_sbr_Male_2-U1,SBR,tierA_score,LSECs,13.893,11.487,0.827,928
7361_liver_sbr_Male_2-U1,SBR,tierA_score,Inflammatory macs,8.859,9.605,1.084,776
7361_liver_sbr_Male_2-U1,SBR,tierA_score,Kupffer cells,7.95,5.384,0.677,435
7361_liver_sbr_Male_2-U1,SBR,tierA_score,Hepatic stellate cells,7.271,4.963,0.683,401
7361_liver_sbr_Male_2-U1,SBR,tierA_score,DC,2.94,5.892,2.004,476
7361_liver_sbr_Male_2-U1,SBR,tierA_score,Biliary/ductular,2.708,5.063,1.869,409
7361_liver_sbr_Male_2-U1,SBR,tierA_score,Proliferating,2.673,6.585,2.464,532
7361_liver_sbr_Male_2-U1,SBR,tierA_score,T/NK cells,2.305,8.479,3.678,685
7361_liver_sbr_Male_2-U1,SBR,tierA_score,Central venous LSECs,0.78,0.644,0.825,52
7361_liver_sbr_Male_2-U1,SBR,tierA_score,B-cells,0.233,0.755,3.236,61
7361_liver_sbr_Male_2-U1,SBR,senepy_score,Hepatocytes,50.386,16.848,0.334,1149
7361_liver_sbr_Male_2-U1,SBR,senepy_score,LSECs,13.893,3.284,0.236,224
7361_liver_sbr_Male_2-U1,SBR,senepy_score,Inflammatory macs,8.859,0.0,0.0,0
7361_liver_sbr_Male_2-U1,SBR,senepy_score,Kupffer cells,7.95,79.589,10.012,5428
7361_liver_sbr_Male_2-U1,SBR,senepy_score,Hepatic stellate cells,7.271,0.0,0.0,0
7361_liver_sbr_Male_2-U1,SBR,senepy_score,DC,2.94,0.0,0.0,0
7361_liver_sbr_Male_2-U1,SBR,senepy_score,Biliary/ductular,2.708,0.0,0.0,0
7361_liver_sbr_Male_2-U1,SBR,senepy_score,Proliferating,2.673,0.0,0.0,0
7361_liver_sbr_Male_2-U1,SBR,senepy_score,T/NK cells,2.305,0.0,0.0,0
7361_liver_sbr_Male_2-U1,SBR,senepy_score,Central venous LSECs,0.78,0.264,0.338,18
7361_liver_sbr_Male_2-U1,SBR,senepy_score,B-cells,0.233,0.015,0.063,1
7361_liver_sbr_Male_2-U1,SBR,deepscence_score,Hepatocytes,50.386,94.653,1.879,7647
7361_liver_sbr_Male_2-U1,SBR,deepscence_score,LSECs,13.893,2.24,0.161,181
7361_liver_sbr_Male_2-U1,SBR,deepscence_score,Inflammatory macs,8.859,0.26,0.029,21
7361_liver_sbr_Male_2-U1,SBR,deepscence_score,Kupffer cells,7.95,0.866,0.109,70
7361_liver_sbr_Male_2-U1,SBR,deepscence_score,Hepatic stellate cells,7.271,0.965,0.133,78
7361_liver_sbr_Male_2-U1,SBR,deepscence_score,DC,2.94,0.099,0.034,8
7361_liver_sbr_Male_2-U1,SBR,deepscence_score,Biliary/ductular,2.708,0.037,0.014,3
7361_liver_sbr_Male_2-U1,SBR,deepscence_score,Proliferating,2.673,0.73,0.273,59
7361_liver_sbr_Male_2-U1,SBR,deepscence_score,T/NK cells,2.305,0.099,0.043,8
7361_liver_sbr_Male_2-U1,SBR,deepscence_score,Central venous LSECs,0.78,0.012,0.016,1
7361_liver_sbr_Male_2-U1,SBR,deepscence_score,B-cells,0.233,0.037,0.159,3
7361_liver_sbr_Male_2-U1,SBR,cdkn1a_counts,Hepatocytes,50.386,71.267,1.414,5536
7361_liver_sbr_Male_2-U1,SBR,cdkn1a_counts,LSECs,13.893,9.256,0.666,719
7361_liver_sbr_Male_2-U1,SBR,cdkn1a_counts,Inflammatory macs,8.859,3.978,0.449,309
7361_liver_sbr_Male_2-U1,SBR,cdkn1a_counts,Kupffer cells,7.95,3.605,0.453,280
7361_liver_sbr_Male_2-U1,SBR,cdkn1a_counts,Hepatic stellate cells,7.271,3.025,0.416,235
7361_liver_sbr_Male_2-U1,SBR,cdkn1a_counts,DC,2.94,0.734,0.25,57
7361_liver_sbr_Male_2-U1,SBR,cdkn1a_counts,Biliary/ductular,2.708,0.077,0.029,6
7361_liver_sbr_Male_2-U1,SBR,cdkn1a_counts,Proliferating,2.673,6.939,2.596,539
7361_liver_sbr_Male_2-U1,SBR,cdkn1a_counts,T/NK cells,2.305,0.798,0.346,62
7361_liver_sbr_Male_2-U1,SBR,cdkn1a_counts,Central venous LSECs,0.78,0.245,0.314,19
7361_liver_sbr_Male_2-U1,SBR,cdkn1a_counts,B-cells,0.233,0.077,0.331,6
7435_liver_sham_Male_10-U1,sham,tierA_score,Hepatocytes,63.619,39.505,0.621,2761
7435_liver_sham_Male_10-U1,sham,tierA_score,Kupffer cells,8.995,11.089,1.233,775
7435_liver_sham_Male_10-U1,sham,tierA_score,LSECs,8.901,15.21,1.709,1063
7435_liver_sham_Male_10-U1,sham,tierA_score,Hepatic stellate cells,8.334,7.526,0.903,526
7435_liver_sham_Male_10-U1,sham,tierA_score,Biliary/ductular,3.184,6.052,1.901,423
7435_liver_sham_Male_10-U1,sham,tierA_score,vSMCs,2.546,5.595,2.197,391
7435_liver_sham_Male_10-U1,sham,tierA_score,T/NK cells,1.94,7.784,4.011,544
7435_liver_sham_Male_10-U1,sham,tierA_score,B-cells,1.02,3.334,3.27,233
7435_liver_sham_Male_10-U1,sham,tierA_score,Central venous LSECs,0.818,1.202,1.47,84
7435_liver_sham_Male_10-U1,sham,tierA_score,Proliferating,0.466,2.59,5.552,181
7435_liver_sham_Male_10-U1,sham,tierA_score,Inflammatory macs,0.177,0.114,0.648,8
7435_liver_sham_Male_10-U1,sham,senepy_score,Hepatocytes,63.619,36.899,0.58,2204
7435_liver_sham_Male_10-U1,sham,senepy_score,Kupffer cells,8.995,58.815,6.539,3513
7435_liver_sham_Male_10-U1,sham,senepy_score,LSECs,8.901,4.052,0.455,242
7435_liver_sham_Male_10-U1,sham,senepy_score,Hepatic stellate cells,8.334,0.0,0.0,0
7435_liver_sham_Male_10-U1,sham,senepy_score,Biliary/ductular,3.184,0.0,0.0,0
7435_liver_sham_Male_10-U1,sham,senepy_score,vSMCs,2.546,0.0,0.0,0
7435_liver_sham_Male_10-U1,sham,senepy_score,T/NK cells,1.94,0.017,0.009,1
7435_liver_sham_Male_10-U1,sham,senepy_score,B-cells,1.02,0.201,0.197,12
7435_liver_sham_Male_10-U1,sham,senepy_score,Central venous LSECs,0.818,0.017,0.02,1
7435_liver_sham_Male_10-U1,sham,senepy_score,Proliferating,0.466,0.0,0.0,0
7435_liver_sham_Male_10-U1,sham,senepy_score,Inflammatory macs,0.177,0.0,0.0,0
7435_liver_sham_Male_10-U1,sham,deepscence_score,Hepatocytes,63.619,87.894,1.382,6142
7435_liver_sham_Male_10-U1,sham,deepscence_score,Kupffer cells,8.995,2.833,0.315,198
7435_liver_sham_Male_10-U1,sham,deepscence_score,LSECs,8.901,2.848,0.32,199
7435_liver_sham_Male_10-U1,sham,deepscence_score,Hepatic stellate cells,8.334,3.749,0.45,262
7435_liver_sham_Male_10-U1,sham,deepscence_score,Biliary/ductular,3.184,0.973,0.306,68
7435_liver_sham_Male_10-U1,sham,deepscence_score,vSMCs,2.546,0.343,0.135,24
7435_liver_sham_Male_10-U1,sham,deepscence_score,T/NK cells,1.94,0.529,0.273,37
7435_liver_sham_Male_10-U1,sham,deepscence_score,B-cells,1.02,0.386,0.379,27
7435_liver_sham_Male_10-U1,sham,deepscence_score,Central venous LSECs,0.818,0.386,0.472,27
7435_liver_sham_Male_10-U1,sham,deepscence_score,Proliferating,0.466,0.057,0.123,4
7435_liver_sham_Male_10-U1,sham,deepscence_score,Inflammatory macs,0.177,0.0,0.0,0
7435_liver_sham_Male_10-U1,sham,cdkn1a_counts,Hepatocytes,63.619,70.6,1.11,2058
7435_liver_sham_Male_10-U1,sham,cdkn1a_counts,Kupffer cells,8.995,6.141,0.683,179
7435_liver_sham_Male_10-U1,sham,cdkn1a_counts,LSECs,8.901,7.136,0.802,208
7435_liver_sham_Male_10-U1,sham,cdkn1a_counts,Hepatic stellate cells,8.334,3.122,0.375,91
7435_liver_sham_Male_10-U1,sham,cdkn1a_counts,Biliary/ductular,3.184,2.607,0.819,76
7435_liver_sham_Male_10-U1,sham,cdkn1a_counts,vSMCs,2.546,2.196,0.862,64
7435_liver_sham_Male_10-U1,sham,cdkn1a_counts,T/NK cells,1.94,1.166,0.601,34
7435_liver_sham_Male_10-U1,sham,cdkn1a_counts,B-cells,1.02,0.48,0.471,14
7435_liver_sham_Male_10-U1,sham,cdkn1a_counts,Central venous LSECs,0.818,0.274,0.336,8
7435_liver_sham_Male_10-U1,sham,cdkn1a_counts,Proliferating,0.466,3.087,6.619,90
7435_liver_sham_Male_10-U1,sham,cdkn1a_counts,Inflammatory macs,0.177,3.19,18.053,93
7448_liver_sbr_Male_10-U1,SBR,tierA_score,Hepatocytes,24.77,6.741,0.272,547
7448_liver_sbr_Male_10-U1,SBR,tierA_score,Biliary/ductular,20.73,28.395,1.37,2304
7448_liver_sbr_Male_10-U1,SBR,tierA_score,Hepatic stellate cells,13.459,8.491,0.631,689
7448_liver_sbr_Male_10-U1,SBR,tierA_score,LSECs,12.544,7.555,0.602,613
7448_liver_sbr_Male_10-U1,SBR,tierA_score,Inflammatory macs,10.56,10.673,1.011,866
7448_liver_sbr_Male_10-U1,SBR,tierA_score,vSMCs,5.257,6.976,1.327,566
7448_liver_sbr_Male_10-U1,SBR,tierA_score,DC,4.052,8.528,2.105,692
7448_liver_sbr_Male_10-U1,SBR,tierA_score,T/NK cells,3.85,10.414,2.705,845
7448_liver_sbr_Male_10-U1,SBR,tierA_score,Proliferating,2.705,8.516,3.149,691
7448_liver_sbr_Male_10-U1,SBR,tierA_score,B-cells,1.132,2.761,2.439,224
7448_liver_sbr_Male_10-U1,SBR,tierA_score,Central venous LSECs,0.704,0.641,0.91,52
7448_liver_sbr_Male_10-U1,SBR,tierA_score,Kupffer cells,0.235,0.308,1.309,25
7448_liver_sbr_Male_10-U1,SBR,senepy_score,Hepatocytes,24.77,82.432,3.328,3599
7448_liver_sbr_Male_10-U1,SBR,senepy_score,Biliary/ductular,20.73,0.0,0.0,0
7448_liver_sbr_Male_10-U1,SBR,senepy_score,Hepatic stellate cells,13.459,0.0,0.0,0
7448_liver_sbr_Male_10-U1,SBR,senepy_score,LSECs,12.544,9.07,0.723,396
7448_liver_sbr_Male_10-U1,SBR,senepy_score,Inflammatory macs,10.56,0.0,0.0,0
7448_liver_sbr_Male_10-U1,SBR,senepy_score,vSMCs,5.257,0.0,0.0,0
7448_liver_sbr_Male_10-U1,SBR,senepy_score,DC,4.052,0.0,0.0,0
7448_liver_sbr_Male_10-U1,SBR,senepy_score,T/NK cells,3.85,0.023,0.006,1
7448_liver_sbr_Male_10-U1,SBR,senepy_score,Proliferating,2.705,0.0,0.0,0
7448_liver_sbr_Male_10-U1,SBR,senepy_score,B-cells,1.132,0.962,0.85,42
7448_liver_sbr_Male_10-U1,SBR,senepy_score,Central venous LSECs,0.704,2.726,3.87,119
7448_liver_sbr_Male_10-U1,SBR,senepy_score,Kupffer cells,0.235,4.787,20.339,209
7448_liver_sbr_Male_10-U1,SBR,deepscence_score,Hepatocytes,24.77,51.146,2.065,4151
7448_liver_sbr_Male_10-U1,SBR,deepscence_score,Biliary/ductular,20.73,42.718,2.061,3467
7448_liver_sbr_Male_10-U1,SBR,deepscence_score,Hepatic stellate cells,13.459,1.725,0.128,140
7448_liver_sbr_Male_10-U1,SBR,deepscence_score,LSECs,12.544,1.713,0.137,139
7448_liver_sbr_Male_10-U1,SBR,deepscence_score,Inflammatory macs,10.56,0.739,0.07,60
7448_liver_sbr_Male_10-U1,SBR,deepscence_score,vSMCs,5.257,0.345,0.066,28
7448_liver_sbr_Male_10-U1,SBR,deepscence_score,DC,4.052,0.283,0.07,23
7448_liver_sbr_Male_10-U1,SBR,deepscence_score,T/NK cells,3.85,0.444,0.115,36
7448_liver_sbr_Male_10-U1,SBR,deepscence_score,Proliferating,2.705,0.715,0.264,58
7448_liver_sbr_Male_10-U1,SBR,deepscence_score,B-cells,1.132,0.16,0.142,13
7448_liver_sbr_Male_10-U1,SBR,deepscence_score,Central venous LSECs,0.704,0.012,0.017,1
7448_liver_sbr_Male_10-U1,SBR,deepscence_score,Kupffer cells,0.235,0.0,0.0,0
7448_liver_sbr_Male_10-U1,SBR,cdkn1a_counts,Hepatocytes,24.77,70.37,2.841,3439
7448_liver_sbr_Male_10-U1,SBR,cdkn1a_counts,Biliary/ductular,20.73,1.535,0.074,75
7448_liver_sbr_Male_10-U1,SBR,cdkn1a_counts,Hepatic stellate cells,13.459,2.149,0.16,105
7448_liver_sbr_Male_10-U1,SBR,cdkn1a_counts,LSECs,12.544,3.458,0.276,169
7448_liver_sbr_Male_10-U1,SBR,cdkn1a_counts,Inflammatory macs,10.56,2.967,0.281,145
7448_liver_sbr_Male_10-U1,SBR,cdkn1a_counts,vSMCs,5.257,0.205,0.039,10
7448_liver_sbr_Male_10-U1,SBR,cdkn1a_counts,DC,4.052,0.962,0.237,47
7448_liver_sbr_Male_10-U1,SBR,cdkn1a_counts,T/NK cells,3.85,0.45,0.117,22
7448_liver_sbr_Male_10-U1,SBR,cdkn1a_counts,Proliferating,2.705,17.475,6.461,854
7448_liver_sbr_Male_10-U1,SBR,cdkn1a_counts,B-cells,1.132,0.143,0.127,7
7448_liver_sbr_Male_10-U1,SBR,cdkn1a_counts,Central venous LSECs,0.704,0.061,0.087,3
7448_liver_sbr_Male_10-U1,SBR,cdkn1a_counts,Kupffer cells,0.235,0.225,0.956,11
7450_liver_sbr_Male_10-U1,SBR,tierA_score,Hepatocytes,38.242,13.04,0.341,531
7450_liver_sbr_Male_10-U1,SBR,tierA_score,LSECs,16.029,16.208,1.011,660
7450_liver_sbr_Male_10-U1,SBR,tierA_score,Kupffer cells,14.127,16.233,1.149,661
7450_liver_sbr_Male_10-U1,SBR,tierA_score,Hepatic stellate cells,10.984,9.381,0.854,382
7450_liver_sbr_Male_10-U1,SBR,tierA_score,Biliary/ductular,10.011,19.745,1.972,804
7450_liver_sbr_Male_10-U1,SBR,tierA_score,Proliferating,4.533,6.606,1.457,269
7450_liver_sbr_Male_10-U1,SBR,tierA_score,T/NK cells,3.41,13.728,4.025,559
7450_liver_sbr_Male_10-U1,SBR,tierA_score,Mesothelial cells,1.24,1.572,1.267,64
7450_liver_sbr_Male_10-U1,SBR,tierA_score,B-cells,0.997,2.922,2.931,119
7450_liver_sbr_Male_10-U1,SBR,tierA_score,DC,0.426,0.565,1.325,23
7450_liver_sbr_Male_10-U1,SBR,senepy_score,Hepatocytes,38.242,10.455,0.273,310
7450_liver_sbr_Male_10-U1,SBR,senepy_score,LSECs,16.029,1.788,0.112,53
7450_liver_sbr_Male_10-U1,SBR,senepy_score,Kupffer cells,14.127,87.757,6.212,2602
7450_liver_sbr_Male_10-U1,SBR,senepy_score,Hepatic stellate cells,10.984,0.0,0.0,0
7450_liver_sbr_Male_10-U1,SBR,senepy_score,Biliary/ductular,10.011,0.0,0.0,0
7450_liver_sbr_Male_10-U1,SBR,senepy_score,Proliferating,4.533,0.0,0.0,0
7450_liver_sbr_Male_10-U1,SBR,senepy_score,T/NK cells,3.41,0.0,0.0,0
7450_liver_sbr_Male_10-U1,SBR,senepy_score,Mesothelial cells,1.24,0.0,0.0,0
7450_liver_sbr_Male_10-U1,SBR,senepy_score,B-cells,0.997,0.0,0.0,0
7450_liver_sbr_Male_10-U1,SBR,senepy_score,DC,0.426,0.0,0.0,0
7450_liver_sbr_Male_10-U1,SBR,deepscence_score,Hepatocytes,38.242,92.485,2.418,3766
7450_liver_sbr_Male_10-U1,SBR,deepscence_score,LSECs,16.029,0.909,0.057,37
7450_liver_sbr_Male_10-U1,SBR,deepscence_score,Kupffer cells,14.127,0.417,0.03,17
7450_liver_sbr_Male_10-U1,SBR,deepscence_score,Hepatic stellate cells,10.984,0.639,0.058,26
7450_liver_sbr_Male_10-U1,SBR,deepscence_score,Biliary/ductular,10.011,0.417,0.042,17
7450_liver_sbr_Male_10-U1,SBR,deepscence_score,Proliferating,4.533,4.617,1.019,188
7450_liver_sbr_Male_10-U1,SBR,deepscence_score,T/NK cells,3.41,0.27,0.079,11
7450_liver_sbr_Male_10-U1,SBR,deepscence_score,Mesothelial cells,1.24,0.074,0.059,3
7450_liver_sbr_Male_10-U1,SBR,deepscence_score,B-cells,0.997,0.172,0.172,7
7450_liver_sbr_Male_10-U1,SBR,deepscence_score,DC,0.426,0.0,0.0,0
7450_liver_sbr_Male_10-U1,SBR,cdkn1a_counts,Hepatocytes,38.242,61.974,1.621,1840
7450_liver_sbr_Male_10-U1,SBR,cdkn1a_counts,LSECs,16.029,4.042,0.252,120
7450_liver_sbr_Male_10-U1,SBR,cdkn1a_counts,Kupffer cells,14.127,4.109,0.291,122
7450_liver_sbr_Male_10-U1,SBR,cdkn1a_counts,Hepatic stellate cells,10.984,1.213,0.11,36
7450_liver_sbr_Male_10-U1,SBR,cdkn1a_counts,Biliary/ductular,10.011,1.179,0.118,35
7450_liver_sbr_Male_10-U1,SBR,cdkn1a_counts,Proliferating,4.533,25.867,5.707,768
7450_liver_sbr_Male_10-U1,SBR,cdkn1a_counts,T/NK cells,3.41,0.707,0.207,21
7450_liver_sbr_Male_10-U1,SBR,cdkn1a_counts,Mesothelial cells,1.24,0.472,0.38,14
7450_liver_sbr_Male_10-U1,SBR,cdkn1a_counts,B-cells,0.997,0.202,0.203,6
7450_liver_sbr_Male_10-U1,SBR,cdkn1a_counts,DC,0.426,0.236,0.553,7
