call,celltype,module,zone,n_donors,n,lam_naive,beta_naive,lam_naive_railed,lam_full_profiled,beta_full_profiled,lam_n2n5n6_profiled,beta_n2n5n6_profiled,beta_full_fixedlam,beta_n2n5n6_fixedlam,max_smd_after,sf_n5n6,sf_n2n5n6,lam_naive_donor_lo,lam_naive_donor_hi,lam_naive_donor_med,beta_naive_donor_lo,beta_naive_donor_hi,beta_naive_donor_med,lam_full_donor_lo,lam_full_donor_hi,lam_full_donor_med,beta_full_donor_lo,beta_full_donor_hi,beta_full_donor_med,beta_n2n5n6_donor_lo,beta_n2n5n6_donor_hi,beta_n2n5n6_donor_med,sf_n2n5n6_donor_lo,sf_n2n5n6_donor_hi,sf_n2n5n6_donor_med
tierA_p95,Hepatocytes,downstream_arrest,all,4,159673,44.99999999999999,-0.06713336358687598,1,44.99999999999999,-0.034154446880900684,44.99999999999999,-0.034851320544894135,-0.034154446880900684,-0.034851320544894135,0.033357614620292145,0.5087551860365537,0.519135623225458,6.999999999999999,44.99999999999999,44.99999999999999,-0.1861024254558792,-0.026420181161967413,-0.06713336358687598,8.9987737785507,44.99999999999999,44.99999999999999,-0.05487200860577282,-0.021901707737813327,-0.03260778084730575,-0.05622611153741095,-0.015854850774055483,-0.034851320544894135,-0.0001752948876427261,1.1361043602970995,0.4808385401502378
tierA_p95,Hepatocytes,emt_ecm,all,4,159673,20.813457529395954,0.2637890790723422,0,6.999999999999999,0.1133638450163953,19.361874491131594,0.046998429078766786,0.04489493036671998,0.0458249531625237,0.033357614620292145,0.17019252853302497,0.17371815893089546,6.999999999999999,44.99999999999999,21.77509257272997,0.18900533181473347,0.8665772434348975,0.3201486182760574,6.999999999999999,44.99999999999999,6.999999999999999,0.024346404830278612,0.21563718350513345,0.07453474038100504,0.019473762133152106,0.21704158408937568,0.04929100809584338,0.0898155657402769,0.2792746585439016,0.17371815893089546
tierA_p95,Hepatocytes,il6_jak_stat3,all,4,159673,13.033406801504755,0.3713081700100687,0,6.999999999999999,0.08171131136219228,6.999999999999999,0.08187335051712863,0.04088644961285122,0.04106261245327171,0.033357614620292145,0.11011459729459362,0.11058903565778858,6.999999999999999,19.767028901989793,13.033406801504755,0.31074382626001307,0.5266343107132996,0.3938983020490745,6.999999999999999,44.99999999999999,6.999999999999999,0.021971355222238087,0.11959167122091341,0.07621824624236609,0.034181355564649435,0.09466411780643459,0.04647352799939904,0.08895142249192385,0.19312611838332547,0.1179104498184444
tierA_p95,Hepatocytes,interferon_response,all,4,159673,6.999999999999999,0.19456826970220212,1,6.999999999999999,0.024016666744512336,44.99999999999999,0.008341623986227262,0.024016666744512336,0.024026585173925037,0.033357614620292145,0.12343568034639574,0.12348665694925026,6.999999999999999,44.99999999999999,6.999999999999999,-0.07238137120875413,0.5823629486842841,0.19456826970220212,6.999999999999999,44.99999999999999,6.999999999999999,-0.04028403539274451,0.12845426335053028,0.01710942966102193,-0.0401165705251874,0.1281235793011664,0.017993626710498502,-0.21540162327772067,0.30222086575730045,0.1088165565498186
tierA_p95,Hepatocytes,oxidative_stress,all,4,159673,6.999999999999999,-0.34588703666066783,1,44.99999999999999,-0.0704616087896374,44.99999999999999,-0.07107450454451673,-0.13637627973170907,-0.1367927339890861,0.033357614620292145,0.3942798234022887,0.3954838415158255,6.999999999999999,44.99999999999999,6.999999999999999,-0.42078685989682124,-0.09894144054019618,-0.34588703666066783,6.999999999999999,44.99999999999999,44.99999999999999,-0.14446601622595487,-0.037607045288290154,-0.06919573967696964,-0.15100981917258247,-0.0385270107084341,-0.13410079183859613,0.1597247876192363,0.4705888458603181,0.3954838415158255
tierA_p95,Hepatocytes,secondary_senescence,all,4,159673,7.916214695902892,0.4342046699167957,0,6.999999999999999,0.08208271474408191,6.999999999999999,0.08210010898172007,0.06429086280563316,0.06435221181602577,0.033357614620292145,0.1480658022815666,0.14820709281721275,6.999999999999999,44.99999999999999,7.916214695902892,0.23610878097902005,0.5683389103283693,0.34186549218707774,6.999999999999999,8.298022724836972,6.999999999999999,0.041005440210341804,0.08591071107551991,0.07782171754246814,0.024143639634130257,0.08601932972155024,0.06066072983413943,0.09175532936429963,0.22573697992527253,0.13370577038954695
tierA_p95,Hepatocytes,tnfa_nfkb_proximal,all,4,159673,44.99999999999999,0.3530745550394623,1,44.99999999999999,0.03939812242190591,44.99999999999999,0.03964670353006269,0.03939812242190591,0.03964670353006269,0.033357614620292145,0.11158584457467481,0.1122898916508766,25.721631791464223,44.99999999999999,44.99999999999999,0.13660847673926016,0.4965198125858834,0.3530745550394623,6.999999999999999,44.99999999999999,43.08731330521693,0.0319966421114367,0.13801555564648202,0.041166020935613355,0.028667502329153733,0.04171215930128301,0.03691131658503053,0.06407639885380745,0.32022139900139845,0.1122898916508766
tierA_p95,Biliary/ductular,downstream_arrest,all,4,58647,44.99999999999999,-0.04969094126865223,1,6.999999999999999,0.03402997580585135,44.99999999999999,0.008637474347475596,0.007750293862732879,0.008637474347475596,0.033357614620292145,-0.15596995478172174,-0.1738239229717427,6.999999999999999,44.99999999999999,44.99999999999999,-0.11457278338568025,0.03618508016358182,-0.04969094126865223,6.999999999999999,44.99999999999999,6.999999999999999,-0.054728011702055865,0.09391066968550604,0.03356340409623506,-0.05395837032862539,0.07137998496468778,0.008637474347475596,-3.3491491195315737,2.3696660608716313,-0.03900917005579773
tierA_p95,Biliary/ductular,emt_ecm,all,4,58647,44.99999999999999,0.20091371185477203,1,6.999999999999999,-0.01969672097345788,44.99999999999999,-0.012099910163051624,-0.012487223946846145,-0.012099910163051624,0.033357614620292145,-0.06215217384402504,-0.06022441201921496,23.890600542099005,44.99999999999999,44.99999999999999,0.04360347346502816,0.3012130077152601,0.20091371185477203,6.999999999999999,44.99999999999999,22.23219141560366,-0.05723770145947788,0.012462406314954518,-0.01969672097345788,-0.055051103520974635,-0.0022490336854222724,-0.012779292763587352,-1.2506879016052677,-0.007466588851794569,-0.06772851247899354
tierA_p95,Biliary/ductular,il6_jak_stat3,all,4,58647,30.987007536587896,0.12671294558994084,0,6.999999999999999,-0.06727834734494118,6.999999999999999,-0.06698646368342367,-0.03203606118319471,-0.03232287022946047,0.033357614620292145,-0.25282390077859496,-0.2550873557470708,15.493590589106622,44.99999999999999,29.074545711938892,0.06181943075015393,0.27157779878212523,0.12720746578143496,6.999999999999999,44.99999999999999,6.999999999999999,-0.0730554685683405,-0.031165949637846413,-0.06727834734494118,-0.043459575875673125,-0.007824701754323909,-0.03232287022946047,-0.6943726999868769,-0.038810041571878263,-0.2550873557470708
tierA_p95,Biliary/ductular,interferon_response,all,4,58647,15.835433866939463,0.045335339303538086,0,44.99999999999999,-0.06447543824090324,44.99999999999999,-0.06360748957953437,-0.053812655825627914,-0.05293330900615048,0.033357614620292145,-1.1869913549191908,-1.167594856889478,6.999999999999999,33.550808324132866,15.835433866939463,0.02523989034430942,0.11138964992828175,0.04973757821892223,6.999999999999999,44.99999999999999,44.99999999999999,-0.11677613025532076,-0.06261071134462064,-0.07485059919244218,-0.09769704226631834,-0.020632386808106737,-0.05293330900615048,-3.2243525582945045,-0.38482626737015674,-1.0342032898031328
tierA_p95,Biliary/ductular,oxidative_stress,all,4,58647,6.999999999999999,-0.521934843822761,1,6.999999999999999,-0.05791615292303351,6.999999999999999,-0.05832581199341516,-0.05791615292303351,-0.05832581199341516,0.033357614620292145,0.11096433512436797,0.11174922058513012,6.999999999999999,11.805216832303572,6.999999999999999,-0.7726069942089321,-0.3795012673922631,-0.521934843822761,6.999999999999999,44.99999999999999,6.999999999999999,-0.13348000550922468,0.017323376298194887,-0.05791615292303351,-0.13341050197176713,-0.005705375458109258,-0.05832581199341516,0.012989039173045313,0.1878364238722049,0.11174922058513012
tierA_p95,Biliary/ductular,secondary_senescence,all,4,58647,14.15645674349309,0.1143951432335998,0,6.999999999999999,-0.011955505010885225,44.99999999999999,0.004491902246436939,-0.0030210816569660147,-0.0021142542314068887,0.033357614620292145,-0.026409177623885973,-0.01848202792219501,6.999999999999999,44.99999999999999,14.15645674349309,0.08797934719144478,0.326545030586061,0.12084252927328946,6.999999999999999,44.99999999999999,6.999999999999999,-0.02822346324219809,0.02924071999313926,-0.011955505010885225,-0.016111920165281034,0.0322552973385298,0.0009689865345125473,-0.12182711302532007,0.11956763654284443,0.010074133031032884
tierA_p95,Biliary/ductular,tnfa_nfkb_proximal,all,4,58647,32.36649812091476,0.159116550764446,0,6.999999999999999,-0.029753516510574656,44.99999999999999,-0.016155834305255076,-0.01535267399573371,-0.014906803764515402,0.033357614620292145,-0.0964869708523383,-0.09368480961218946,12.825270247218052,44.99999999999999,32.36649812091476,0.10680391708462506,0.344603676427192,0.159116550764446,6.999999999999999,44.99999999999999,6.999999999999999,-0.06847603769494126,0.06748107624085606,-0.02922000677282315,-0.0304181217338563,0.03377553958077494,-0.014906803764515402,-0.2869658282326853,0.09801270819555825,-0.07906945784707892
tierA_p95,LSECs,downstream_arrest,all,4,52756,44.99999999999999,-0.08114085819833777,1,44.99999999999999,-0.03874854726218788,44.99999999999999,-0.03901280283437605,-0.03874854726218788,-0.03901280283437605,0.033357614620292145,0.4775466777473851,0.48080342876106347,12.918598355418544,44.99999999999999,44.99999999999999,-0.25110600938409544,0.06895607468507388,-0.08114085819833777,6.999999999999999,44.99999999999999,44.99999999999999,-0.06752926974084739,0.08977865591487084,-0.038497643146539424,-0.06779178365193597,0.010868515936615501,-0.038509682668166484,-0.9133528683768806,1.2976455333956796,0.27658131874718916
tierA_p95,LSECs,emt_ecm,all,4,52756,30.204474285456136,0.44727471901015453,0,6.999999999999999,0.07557238314526925,16.56379627221119,0.03342896491752093,0.025515821075542962,0.025828794034124847,0.033357614620292145,0.057047313409555066,0.05774704658310557,14.193067467917697,44.99999999999999,30.204474285456136,0.41089951724579415,0.5740140322136101,0.47174304834106173,6.999999999999999,44.99999999999999,6.999999999999999,-0.020409705109433435,0.15454923426147538,0.052167668327606755,-0.017372079056584815,0.051127896227525144,0.029934475550442458,-0.03368701390427293,0.11002651152249891,0.05774704658310557
tierA_p95,LSECs,il6_jak_stat3,all,4,52756,44.99999999999999,0.1924468900292126,1,6.999999999999999,-0.07292390876670182,11.130883401832028,-0.04397304807877813,-0.014944566439048033,-0.015244449270661889,0.033357614620292145,-0.07765553621978258,-0.07921379902968476,6.999999999999999,44.99999999999999,43.316287917524086,0.1677179027990512,0.35882679867879475,0.23084565001336288,6.999999999999999,44.99999999999999,6.999999999999999,-0.15344406601366736,0.06544356967215283,-0.06786363457819623,-0.14295821369888284,0.04198329346025183,-0.020400132121089976,-0.6716621429640283,0.12473983477036547,-0.09426944400752724
tierA_p95,LSECs,interferon_response,all,4,52756,44.99999999999999,0.18234879302856907,1,6.999999999999999,-0.049391991830714556,6.999999999999999,-0.04984955523461097,0.024308402150141843,0.024398083675623804,0.033357614620292145,0.13330717328265168,0.13379898638430412,9.361934525271161,44.99999999999999,44.99999999999999,0.10459612205144722,0.27066241109630956,0.18234879302856907,6.999999999999999,44.99999999999999,6.999999999999999,-0.1310694209571203,0.06166344414323161,-0.049391991830714556,-0.08694439445649547,0.062249499548704894,0.02353440341038957,-0.7173958061107051,0.23080276358402452,0.1125390462249494
tierA_p95,LSECs,oxidative_stress,all,4,52756,6.999999999999999,-0.6497856951672843,1,6.999999999999999,-0.07600002676706986,6.999999999999999,-0.07631787704388616,-0.07600002676706986,-0.07631787704388616,0.033357614620292145,0.11696168033909088,0.1174508420414495,6.999999999999999,6.999999999999999,6.999999999999999,-0.8425945077662784,-0.46578933721845733,-0.6497856951672843,6.999999999999999,44.99999999999999,6.999999999999999,-0.136734286643831,0.087023222583596,-0.07236358237629645,-0.13667928878196547,0.0654433528035346,-0.07266396678158187,-0.10055329537059111,0.24233066676936998,0.1174508420414495
tierA_p95,LSECs,secondary_senescence,all,4,52756,33.04119920603102,0.28314111116996693,0,6.999999999999999,0.11652964154070806,6.999999999999999,0.11674506745780529,0.044512189103876276,0.04448404706797715,0.033357614620292145,0.1572084990411584,0.15710910677776424,6.999999999999999,44.99999999999999,33.04119920603102,0.2638347427572703,0.5235070917389025,0.3503434494414338,6.999999999999999,6.999999999999999,6.999999999999999,0.06252215417958758,0.20432958376950322,0.11384015136497909,0.03375480037032856,0.20393527662647384,0.051256264403053496,0.09595348128801902,0.3834356296023204,0.15710910677776424
tierA_p95,LSECs,tnfa_nfkb_proximal,all,4,52756,44.99999999999999,0.36523121234734895,1,44.99999999999999,0.019123731791781444,6.999999999999999,0.02582596258177822,0.019123731791781444,0.019398985651189228,0.033357614620292145,0.05236061745345586,0.053114260214814406,6.999999999999999,44.99999999999999,44.99999999999999,0.27983564790630655,0.5273566467032403,0.3870356749632988,6.999999999999999,44.99999999999999,44.99999999999999,-0.009231491572462787,0.0550525484750448,0.024904534205460883,-0.006855103136596729,0.048218601017408394,0.02364280147366151,-0.022535221057241518,0.09975738094767773,0.05527049317856997
tierA_p95,Kupffer cells,downstream_arrest,all,4,41740,44.99999999999999,-0.11366459398146436,1,6.999999999999999,0.1613098488754817,6.999999999999999,0.16121080611330782,0.055293289054879693,0.05542207924691856,0.033357614620292145,-0.48646009384326433,-0.48759316604743613,6.999999999999999,44.99999999999999,44.99999999999999,-0.2220609607831601,-0.017108102887512317,-0.11366459398146436,6.999999999999999,7.525002368872663,6.999999999999999,0.1084363354611379,0.26445848107460823,0.1613098488754817,0.050908195728951604,0.15057460797362018,0.05542207924691856,-3.025095757026181,-0.24744901869897826,-0.48759316604743613
tierA_p95,Kupffer cells,emt_ecm,all,4,41740,44.99999999999999,0.4327044053262146,1,44.99999999999999,0.02689399331692731,19.092361888540772,0.016958005103496918,0.02689399331692731,0.028131694070924373,0.033357614620292145,0.062153269035132665,0.06501365302651811,15.372873698229277,44.99999999999999,44.99999999999999,0.28865041198009794,0.6967486433162823,0.4327044053262146,6.999999999999999,44.99999999999999,44.99999999999999,-0.11474285172594545,0.09780645351495736,0.02689399331692731,-0.05107084166855852,0.09427681540212678,0.028131694070924373,-0.08163559526693187,0.2988243359603666,0.06501365302651811
tierA_p95,Kupffer cells,il6_jak_stat3,all,4,41740,6.999999999999999,0.30956219709810323,1,12.203514161989615,0.007463773427867459,6.999999999999999,0.008810131422175817,0.008867166652634012,0.008810131422175817,0.033357614620292145,0.028644216689752727,0.02845997187241762,6.999999999999999,6.999999999999999,6.999999999999999,0.13142571330626784,0.4508733183085156,0.30956219709810323,6.999999999999999,44.99999999999999,8.719038489121576,-0.05342944128509321,0.05810185410659549,0.007463773427867459,-0.05644649113953108,0.0635312512977712,0.008810131422175817,-0.1998877225530159,0.2503719157076171,0.02845997187241762
tierA_p95,Kupffer cells,interferon_response,all,4,41740,6.999999999999999,0.21464676905597188,1,25.151455890351322,0.03145230988069447,44.99999999999999,0.033902171177149894,0.03716192040520631,0.037072296667849364,0.033357614620292145,0.17313058364980963,0.17271304306556923,6.999999999999999,44.99999999999999,6.999999999999999,-0.062163591285260285,0.40414519915277153,0.21464676905597188,6.999999999999999,44.99999999999999,22.767224681405864,-0.045865518147413895,0.13163535376838334,0.036005511404960944,-0.04581102558872164,0.13174153892433166,0.037072296667849364,-0.3564560239282449,0.637570162048797,0.17271304306556923
tierA_p95,Kupffer cells,oxidative_stress,all,4,41740,10.837331465023551,-0.48014568954380055,0,44.99999999999999,-0.06182920918463481,44.99999999999999,-0.06186414391558913,-0.06499256196961406,-0.06495197326340234,0.033357614620292145,0.13536008629248605,0.13527555214567263,6.999999999999999,39.60161366913709,10.837331465023551,-0.6773080435963855,-0.31834438556686945,-0.48014568954380055,6.999999999999999,44.99999999999999,44.99999999999999,-0.10936374662113102,-0.023364005341130423,-0.06987095206586243,-0.14272360539941523,-0.0022327384466540486,-0.07229745678586107,0.004803033372697672,0.2981510312465661,0.1490122612754694
tierA_p95,Kupffer cells,secondary_senescence,all,4,41740,11.005194049285027,0.20842733354292575,0,6.999999999999999,0.017984439821921445,44.99999999999999,-0.003233244688862969,0.009804433179538765,0.009808586382253386,0.033357614620292145,0.04704005474176225,0.047059981123988716,6.999999999999999,24.59468962165865,11.005194049285027,0.12145740595019111,0.4269043774480888,0.20842733354292575,6.999999999999999,44.99999999999999,32.684296568380425,-0.07074182480708548,0.06923770794975306,0.017984439821921445,-0.07398603005051614,0.05526028735282702,0.013511472655638651,-0.28222859285359986,0.33508576354101577,0.047059981123988716
tierA_p95,Kupffer cells,tnfa_nfkb_proximal,all,4,41740,24.69023449160887,0.1890166986850743,0,6.999999999999999,-0.024062218675368566,44.99999999999999,-0.007371115749481409,-0.007379901722407975,-0.007784122182541304,0.033357614620292145,-0.0390436494433956,-0.04118219309030804,6.999999999999999,33.80543798891767,23.26600982582484,0.11866818142237792,0.4529148175866061,0.1890166986850743,6.999999999999999,44.99999999999999,8.337762985544838,-0.1528509083894234,0.09275963160326701,-0.024062218675368566,-0.09103633545015269,0.049432956595669,-0.007784122182541304,-0.6440407438691097,0.22980190032800407,-0.04118219309030804
tierA_p95,Hepatic stellate cells,downstream_arrest,all,4,41955,6.999999999999999,-0.11681377678658257,1,6.999999999999999,0.060126722478335996,6.999999999999999,0.06016186678088256,0.060126722478335996,0.06016186678088256,0.033357614620292145,-0.5147228703013929,-0.5150237278159202,6.999999999999999,44.99999999999999,6.999999999999999,-0.21714395319816418,0.0478831685570998,-0.09847517545282863,6.999999999999999,23.41480245850001,6.999999999999999,0.012763479838452047,0.17909697451445755,0.060126722478335996,-0.004271074586102243,0.09725796286192942,0.03114685851211724,-1.4577113749799593,2.075526750635796,-0.31385296045215494
tierA_p95,Hepatic stellate cells,emt_ecm,all,4,41955,9.695161136863758,0.6423811227705736,0,6.999999999999999,0.07361015203654618,6.999999999999999,0.07374409124188913,0.0476264741190988,0.04791062435086001,0.033357614620292145,0.07414052566440156,0.07458286467731601,6.999999999999999,21.618265012501183,9.695161136863758,0.4323587854509076,0.984371613763891,0.6423811227705736,6.999999999999999,44.99999999999999,6.999999999999999,0.028019928136125166,0.1620807914946178,0.06976276913580183,0.0303090885530715,0.11158656922789316,0.04791062435086001,0.03887780017120822,0.14902402036963439,0.07632660574380966
tierA_p95,Hepatic stellate cells,il6_jak_stat3,all,4,41955,6.999999999999999,0.3060144910923021,1,44.99999999999999,0.03221710386507244,44.99999999999999,0.03260704294568693,0.009004692951111995,0.009069789767814194,0.033357614620292145,0.02942570764858302,0.029638432269792427,6.999999999999999,44.99999999999999,6.999999999999999,0.13985820067116375,0.36578001509518054,0.2574108858256995,6.999999999999999,44.99999999999999,44.99999999999999,-0.07012046325100571,0.08888378051867223,0.03221710386507244,-0.07030075032692397,0.0941124324997758,0.011743033773763184,-0.29791693497382066,0.3193415674894754,0.04043965359232689
tierA_p95,Hepatic stellate cells,interferon_response,all,4,41955,6.999999999999999,0.35435853250529825,1,44.99999999999999,0.03031736441278447,10.022030945898942,0.015843006104152988,0.015316139450400794,0.01546981767860174,0.033357614620292145,0.043222155092799384,0.04365583514874286,6.999999999999999,44.99999999999999,6.999999999999999,0.1522563826915864,0.4177649447643752,0.3124526045734551,6.999999999999999,44.99999999999999,44.99999999999999,-0.07923842066615286,0.08529710388408239,0.03031736441278447,-0.08132463826238545,0.08593467838891634,0.01546981767860174,-0.38554058724184653,0.3584669667693434,0.058523519379057955
tierA_p95,Hepatic stellate cells,oxidative_stress,all,4,41955,6.999999999999999,-0.7094102848153397,1,6.999999999999999,-0.06590593775317367,6.999999999999999,-0.06603411921542353,-0.06590593775317367,-0.06603411921542353,0.033357614620292145,0.0929024277824349,0.09308311512936732,6.999999999999999,9.386077643984184,6.999999999999999,-0.8472621609555778,-0.4185547127067499,-0.7094102848153397,6.999999999999999,44.99999999999999,6.999999999999999,-0.07713765976382174,-0.008512210082558211,-0.057472688059228484,-0.07762652582830847,-0.007300454685349699,-0.05905868452103668,0.0174420558739822,0.1121893388314289,0.07889656980305516
tierA_p95,Hepatic stellate cells,secondary_senescence,all,4,41955,13.065045235408764,0.25115196638115733,0,6.999999999999999,0.06558074193396403,6.999999999999999,0.06561397084440454,0.03745548091743291,0.03743701079731236,0.033357614620292145,0.14913473088476287,0.14906118927413292,6.999999999999999,44.99999999999999,13.065045235408764,0.12716623468272953,0.41612249876844887,0.2899761252540192,6.999999999999999,44.99999999999999,6.999999999999999,-0.026163770181130804,0.12531913468398917,0.05355018701454837,-0.01983221569846068,0.10996579041040076,0.04268918032956744,-0.19074578831575412,0.3353229721651798,0.14906118927413292
tierA_p95,Hepatic stellate cells,tnfa_nfkb_proximal,all,4,41955,8.004273873522152,0.41858886307642074,0,6.999999999999999,0.08654220022315813,6.999999999999999,0.08660238967688393,0.07200406112913528,0.07208621940850303,0.033357614620292145,0.17201618934613097,0.1722124637495251,6.999999999999999,44.99999999999999,8.004273873522152,0.24071883728953097,0.5251014105064981,0.39565412282320817,6.999999999999999,44.99999999999999,6.999999999999999,0.0370499386757215,0.11536573578252173,0.07796318156879613,0.012806945279864368,0.11527107544743359,0.05750612251276425,0.04205653350447478,0.24405842610162046,0.16639160782642648
tierA_p95,Hepatocytes,downstream_arrest,periportal,4,53705,33.85321775911623,-0.12351296364631018,0,24.59705762791862,-0.029063252557224813,44.99999999999999,-0.030593667433710604,-0.028594834091834682,-0.0292837813777141,0.033357614620292145,0.2315128165308899,0.23709075155520265,6.999999999999999,44.99999999999999,33.85321775911623,-0.3669158140945101,-0.0643176157474367,-0.1610841573418485,6.999999999999999,44.99999999999999,10.688398448067447,-0.1493051378521821,0.17642986378599096,-0.035506286360662824,-0.15528062131500306,0.029954057915394666,-0.03505894674025013,-0.21181986710690442,0.45836971982881475,0.23709075155520265
tierA_p95,Hepatocytes,emt_ecm,periportal,4,53705,44.99999999999999,0.28205082586911967,1,6.999999999999999,0.17040834828711612,6.999999999999999,0.17078857312328688,0.0710943863329156,0.07245895827786523,0.033357614620292145,0.25206232285916297,0.2569003584888932,6.999999999999999,44.99999999999999,44.99999999999999,0.17756223754301126,0.5982437651109915,0.3560292940127258,6.999999999999999,44.99999999999999,6.999999999999999,0.05412888482086856,0.3439782273092436,0.11728532246748002,0.03452565048632674,0.17934201867299687,0.09504279279921751,0.1629619749920597,0.3657830723105427,0.2569003584888932
tierA_p95,Hepatocytes,il6_jak_stat3,periportal,4,53705,22.74146842226691,0.18998017421915528,0,44.99999999999999,0.011474301181229222,44.99999999999999,0.011868069066841621,0.007640932157324998,0.00781313720973529,0.033357614620292145,0.04021962917304547,0.04112606613741861,6.999999999999999,44.99999999999999,22.74146842226691,0.1709195665108613,0.513466928801049,0.2198212532551854,6.999999999999999,44.99999999999999,44.99999999999999,-0.03238331127568931,0.07779132558745737,0.022190375320425174,-0.0246137747210013,0.07094011250367646,0.018180861434296716,-0.052898869569451994,0.23000618744091234,0.055261525323106984
tierA_p95,Hepatocytes,interferon_response,periportal,4,53705,15.203186665126076,0.14016948246554803,0,6.999999999999999,-0.01628009651863152,13.06882639801751,-0.00022053188650949715,0.0007716173594286757,0.001358090887275048,0.033357614620292145,0.005504888409774431,0.009688919894591539,6.999999999999999,44.99999999999999,15.063539238277226,0.028491535711994063,0.4852335717441334,0.14016948246554803,6.999999999999999,26.371523126722256,6.999999999999999,-0.11139358731932009,0.2001451815022562,-0.01628009651863152,-0.02930165642521047,0.1314877802002446,0.001047662679383125,-0.6901054884078994,0.3194390094008719,0.009688919894591539
tierA_p95,Hepatocytes,oxidative_stress,periportal,4,53705,44.99999999999999,-0.1939259680251882,1,6.999999999999999,-0.11521584354670288,44.99999999999999,-0.04968304673756545,-0.04892707629115384,-0.04968304673756545,0.033357614620292145,0.2522977030327311,0.25619594551211594,6.999999999999999,44.99999999999999,44.99999999999999,-0.3981272858631309,-0.15696178362083787,-0.1939259680251882,6.999999999999999,44.99999999999999,6.999999999999999,-0.1303520161962702,-0.023874553141267137,-0.08423450514385153,-0.11197831900866519,0.003274359371142689,-0.04968304673756545,-0.0199037795160877,0.4528320425525372,0.2458215464731626
tierA_p95,Hepatocytes,secondary_senescence,periportal,4,53705,6.999999999999999,0.34345465339768494,1,6.999999999999999,0.1163753777780635,14.787050822101488,0.051434274781137636,0.1163753777780635,0.11659481777770245,0.033357614620292145,0.33883767952129873,0.33947659938296926,6.999999999999999,8.509667704964949,6.999999999999999,0.22041089755949267,0.579018038554613,0.34345465339768494,6.999999999999999,9.568297057230442,6.999999999999999,0.043193814777300596,0.2648828943978389,0.1163753777780635,0.044448485070415475,0.2632784283759415,0.11659481777770245,0.20026513440597504,0.5102889381772141,0.3239074948115632
tierA_p95,Hepatocytes,tnfa_nfkb_proximal,periportal,4,53705,44.99999999999999,0.22874492800272966,1,44.99999999999999,0.08612318972417583,44.99999999999999,0.08714690987667019,0.08612318972417583,0.08714690987667019,0.033357614620292145,0.3765031665451752,0.3809785451314149,26.020017929209786,44.99999999999999,44.99999999999999,0.13799874710906174,0.30347169100562443,0.22874492800272966,7.225298453276878,44.99999999999999,44.99999999999999,0.06122674269119377,0.1657446094806344,0.08612318972417583,0.03952595276652052,0.11912708395702896,0.08092181948011205,0.15265579636979726,0.8087924886800277,0.3542972648601928
tierA_p95,Hepatocytes,downstream_arrest,midzonal,4,53348,44.99999999999999,-0.0662416536546748,1,44.99999999999999,-0.022948032919915182,44.99999999999999,-0.023946634742553485,-0.022948032919915182,-0.023946634742553485,0.033357614620292145,0.346429046586697,0.36150418084956015,6.999999999999999,44.99999999999999,44.99999999999999,-0.17174160530049212,-0.024789815484695162,-0.07279907403922053,6.999999999999999,44.99999999999999,39.926635503887,-0.05155959787214845,0.09790458581954546,-0.021608836507886427,-0.051049525618381754,-0.0023509772447060317,-0.023946634742553485,0.09463853685036998,0.5373519360055874,0.2994108377797384
tierA_p95,Hepatocytes,emt_ecm,midzonal,4,53348,41.42546435011831,0.23860126871215906,0,44.99999999999999,0.021634137987070274,44.99999999999999,0.022130149788361465,0.020796621769667546,0.021281684972666255,0.033357614620292145,0.08716056658841964,0.08919351136535573,6.999999999999999,44.99999999999999,41.42546435011831,0.1234166559141115,0.5671371591672801,0.23860126871215906,6.999999999999999,44.99999999999999,44.99999999999999,-0.04599608343497069,0.08486866453029446,0.021634137987070274,-0.027540442832887993,0.07870260538591643,0.01912209196030672,-0.10554783922462367,0.20770566204915675,0.08919351136535573
tierA_p95,Hepatocytes,il6_jak_stat3,midzonal,4,53348,14.481553567088937,0.27167008997484987,0,44.99999999999999,0.02620631448619206,12.181724660310634,0.015630232551304274,0.01737591233726859,0.01672779507207105,0.033357614620292145,0.06395960754780616,0.06157392988539755,6.999999999999999,34.851020587699956,14.600391688651236,0.11178908601331775,0.4492177062326958,0.2984871189147877,6.999999999999999,44.99999999999999,44.99999999999999,-0.15294085834846102,0.047303142924494244,0.02620631448619206,-0.0435521913269284,0.03747117181070313,0.01672779507207105,-0.3766258446337732,0.12839799674162877,0.06157392988539755
tierA_p95,Hepatocytes,interferon_response,midzonal,4,53348,6.999999999999999,0.2213451973452714,1,6.999999999999999,-0.0442883843455051,6.999999999999999,-0.045479591580737146,-0.0442883843455051,-0.045479591580737146,0.033357614620292145,-0.2000873968655423,-0.20546906879481353,6.999999999999999,44.99999999999999,6.999999999999999,-0.023243383543781374,0.5617243047049847,0.16892006392065678,6.999999999999999,44.99999999999999,6.999999999999999,-0.14452672517336332,0.09693056526740991,-0.0442883843455051,-0.1386328458703504,0.09460896617384587,-0.009364243072047687,-2.1124187415740137,5.137298708513737,-0.035596745632451625
tierA_p95,Hepatocytes,oxidative_stress,midzonal,4,53348,27.448498913012543,-0.1791547355839042,0,38.770727115667604,-0.0872069213632749,41.34719862514225,-0.08848798156565577,-0.08451316069608669,-0.08492561436388572,0.033357614620292145,0.4717327756960481,0.474034995988773,6.999999999999999,44.99999999999999,27.448498913012543,-0.4473821532561029,-0.1138691943135842,-0.18531763253580064,6.999999999999999,44.99999999999999,38.770727115667604,-0.22272423687332402,-0.05530244130134364,-0.08500200037694994,-0.17281942310938164,-0.04782694365404003,-0.08550447069088786,0.20880573715499245,0.7555120521942815,0.474034995988773
tierA_p95,Hepatocytes,secondary_senescence,midzonal,4,53348,7.221442184636681,0.36221091063661637,0,6.999999999999999,0.021617834617565515,44.99999999999999,0.002293717112239197,0.01986057475038982,0.0198094993650047,0.033357614620292145,0.05483151988846271,0.0546905098197838,6.999999999999999,44.99999999999999,7.492551077742915,0.07314178499631309,0.5111183021012392,0.23757301973106887,6.999999999999999,44.99999999999999,44.99999999999999,-0.1518232653857573,0.11601765047370872,0.021617834617565515,-0.15786083610398124,0.12767419473799796,0.0198094993650047,-0.7644718571940387,0.29636645743370627,0.06754903860839725
tierA_p95,Hepatocytes,tnfa_nfkb_proximal,midzonal,4,53348,44.99999999999999,0.2591878515821041,1,44.99999999999999,0.04388588826834827,44.99999999999999,0.0438340082914296,0.04388588826834827,0.0438340082914296,0.033357614620292145,0.16932077641936216,0.16912061280597523,6.999999999999999,44.99999999999999,44.99999999999999,0.09979848747592655,0.39385240094905455,0.2591878515821041,6.999999999999999,44.99999999999999,44.99999999999999,-0.11724639006978771,0.1458248064097138,0.04388588826834827,-0.038558159390510945,0.14452592223314809,0.0438340082914296,-0.4605517225246703,0.7432904349719939,0.1569351278892646
tierA_p95,Hepatocytes,downstream_arrest,pericentral,4,52620,44.99999999999999,-0.03847173812155121,1,44.99999999999999,-0.03494235809603797,44.99999999999999,-0.035103365297380146,-0.03494235809603797,-0.035103365297380146,0.033357614620292145,0.9082604478549373,0.912445525244305,6.999999999999999,44.99999999999999,44.99999999999999,-0.2102023084637281,0.044851941745873314,-0.03847173812155121,6.999999999999999,44.99999999999999,44.99999999999999,-0.1202812359985471,0.03721835163011378,-0.03494235809603797,-0.12245546911792034,0.0012182175202474631,-0.02958683060924354,-0.8606040729061791,1.8655591275344476,0.3657561750597483
tierA_p95,Hepatocytes,emt_ecm,pericentral,4,52620,6.999999999999999,0.6648393796076805,1,6.999999999999999,0.10511182797617659,6.999999999999999,0.10589767799746622,0.10511182797617659,0.10589767799746622,0.033357614620292145,0.1581010860671381,0.15928310091973807,6.999999999999999,44.99999999999999,8.468582756131608,0.2079327708418191,1.0220908928821626,0.47832610986453516,6.999999999999999,44.99999999999999,6.999999999999999,0.03288826778324479,0.18258077013104856,0.10511182797617659,0.019258651338060172,0.1854739263597803,0.09496146055001098,0.09261960613563325,0.22930087486000147,0.15261120390510974
tierA_p95,Hepatocytes,il6_jak_stat3,pericentral,4,52620,7.935566452538843,0.6575097670483895,0,6.999999999999999,0.17884035193217543,6.999999999999999,0.18002965447875577,0.1469473664815532,0.14815027394939587,0.033357614620292145,0.2234907735914113,0.22532026347601425,6.999999999999999,15.894810459708172,7.935566452538843,0.49969297553859215,0.760933086106488,0.552042097176373,6.999999999999999,7.550728493303375,6.999999999999999,0.11883422282054351,0.22859670688837608,0.18254344574140105,0.09335894680325786,0.21505409074225698,0.14815027394939587,0.17253510031251923,0.39777729072395046,0.22532026347601425
tierA_p95,Hepatocytes,interferon_response,pericentral,4,52620,6.999999999999999,0.405016480055556,1,6.999999999999999,0.08432947801803989,6.999999999999999,0.08485044249108233,0.08432947801803989,0.08485044249108233,0.033357614620292145,0.2082124609015229,0.20949874059308257,6.999999999999999,6.999999999999999,6.999999999999999,0.25494828350725457,0.65962907086302,0.405016480055556,6.999999999999999,18.338955053589082,6.999999999999999,-0.020120436282649742,0.13492469751147138,0.08432947801803989,0.015644308503997627,0.1361083778038306,0.08485044249108233,0.024234053432498556,0.39976477384169407,0.20949874059308257
tierA_p95,Hepatocytes,oxidative_stress,pericentral,4,52620,6.999999999999999,-0.3671501672241737,1,14.70097778539553,-0.06813060481661903,8.020583426544206,-0.10823509444903635,-0.12445629143449528,-0.125408859335271,0.033357614620292145,0.3389792584746531,0.3415737497368458,6.999999999999999,44.99999999999999,6.999999999999999,-0.5315415672021297,-0.09656285696020875,-0.3671501672241737,6.999999999999999,44.99999999999999,14.70097778539553,-0.10534897599147189,-0.018527804190580574,-0.06813060481661903,-0.1467382522270769,-0.020225563038883496,-0.11244070935353956,0.05481960660261582,0.5178689274109772,0.3415737497368458
tierA_p95,Hepatocytes,secondary_senescence,pericentral,4,52620,6.999999999999999,0.5995407792587367,1,6.999999999999999,0.07675092663116807,6.999999999999999,0.07627562431156215,0.07675092663116807,0.07627562431156215,0.033357614620292145,0.1280161905351322,0.12722341323615752,6.999999999999999,44.99999999999999,6.999999999999999,0.23124488008744049,0.6546982980897817,0.4207548016062682,6.999999999999999,44.99999999999999,6.999999999999999,-0.06238263433617538,0.15934445369153719,0.07675092663116807,-0.08552037510191754,0.09898056214792172,0.037674577240339714,-0.18137737341588103,0.23700745537537524,0.09537908828536712
tierA_p95,Hepatocytes,tnfa_nfkb_proximal,pericentral,4,52620,44.99999999999999,0.34131599853416866,1,6.999999999999999,0.09395786216209535,6.999999999999999,0.09423635204585536,0.027457791796565115,0.02771067678944903,0.033357614620292145,0.0804468349403093,0.0811877465704994,6.999999999999999,44.99999999999999,44.99999999999999,0.2514203952107428,0.5885815993506132,0.35458698692732193,6.999999999999999,44.99999999999999,6.999999999999999,-0.022994234635654025,0.3219242091708697,0.09395786216209535,-0.00943529869204488,0.3234784837676883,0.02771067678944903,-0.03148863562979095,0.5495898684644316,0.0811877465704994
