section,arm,week,call,null,scope,n_senders,n_cells,occ_frac_bbox,tissue_frac_bbox,n_solid_tiles,tile_cell_coverage,tile_sender_coverage,real_median_nbrs,null_median_nbrs,frac_retaining_a_neighbour,frac_in_occupancy,median_displacement_um,n_admissible_moves,n_candidate_moves
7259_liver_sbr_Male_26-U1,sbr,26,tierA_p95,N3_orig,whole section,5707,127386,0.6562,0.6732,5,0.461,0.4796,259.0,207.25,0.7574207114070439,0.6460837567899071,2246.549511652605,,
7259_liver_sbr_Male_26-U1,sbr,26,tierA_p95,N3_tile,solid tiles,2737,127386,0.6562,0.6732,5,0.461,0.4796,263.0,254.6,1.0,0.9840518816222141,510.93900647618955,,
7259_liver_sbr_Male_26-U1,sbr,26,tierA_p95,N3_occ,whole section,5707,127386,0.6562,0.6732,5,0.461,0.4796,259.0,256.65,0.9989924653933766,0.96683896968635,71.32747404207944,63.0,38080.0
7259_liver_sbr_Male_26-U1,sbr,26,tierA_p95,N3_occ15,whole section,5707,127386,0.6562,0.6732,5,0.461,0.4796,259.0,242.85,0.9580865603644648,0.8944016120553707,335.20836903120414,982.0,38080.0
7259_liver_sbr_Male_26-U1,sbr,26,tierA_p95,N3_swap,whole section,5707,127386,0.6562,0.6732,5,0.461,0.4796,259.0,256.35,1.0,1.0,2159.5493054462268,,
7259_liver_sbr_Male_26-U1,sbr,26,tierA_p95,N3_snap,whole section,5707,127386,0.6562,0.6732,5,0.461,0.4796,259.0,221.35,1.0,1.0,1679.0927081517282,,
7259_liver_sbr_Male_26-U1,sbr,26,tierA_p95,N4_orig,whole section,5707,127386,0.6562,0.6732,5,0.461,0.4796,259.0,222.2,0.8354214123006833,0.7439022253373051,2523.3166209346573,,
7259_liver_sbr_Male_26-U1,sbr,26,tierA_p95,N4_tile,solid tiles,2737,127386,0.6562,0.6732,5,0.461,0.4796,263.0,254.0,1.0,0.9843807088052611,615.2208809969441,,
7259_liver_sbr_Male_26-U1,sbr,26,tierA_p95,N4_occ,whole section,5707,127386,0.6562,0.6732,5,0.461,0.4796,259.0,258.0,0.9984580339933415,0.9686437708077801,52.185685338576945,12.0,720.0
7259_liver_sbr_Male_26-U1,sbr,26,tierA_p95,N4_occ15,whole section,5707,127386,0.6562,0.6732,5,0.461,0.4796,259.0,242.25,0.9520939197476782,0.8942351498160155,1476.3472652830267,99.0,720.0
7259_liver_sbr_Male_26-U1,sbr,26,tierA_p95,N4_swap,whole section,5707,127386,0.6562,0.6732,5,0.461,0.4796,259.0,225.55,1.0,1.0,1719.9191509350119,,
7260_liver_sbr_Male_26-U1,sbr,26,tierA_p95,N3_orig,whole section,8860,202016,0.6555,0.7051,15,0.57,0.5822,169.0,135.95,0.7897291196388262,0.6806884875846501,2840.7221344648347,,
7260_liver_sbr_Male_26-U1,sbr,26,tierA_p95,N3_tile,solid tiles,5158,202016,0.6555,0.7051,15,0.57,0.5822,176.0,167.85,0.9987010469174098,0.9374563784412562,465.96066932899714,,
7260_liver_sbr_Male_26-U1,sbr,26,tierA_p95,N3_occ,whole section,8860,202016,0.6555,0.7051,15,0.57,0.5822,169.0,169.6,0.9997460496613995,0.9672516930022574,21.338834764831844,6.0,90168.0
7260_liver_sbr_Male_26-U1,sbr,26,tierA_p95,N3_occ15,whole section,8860,202016,0.6555,0.7051,15,0.57,0.5822,169.0,157.15,0.9665462753950338,0.870558690744921,293.0123010666312,796.0,90168.0
7260_liver_sbr_Male_26-U1,sbr,26,tierA_p95,N3_swap,whole section,8860,202016,0.6555,0.7051,15,0.57,0.5822,169.0,168.1,1.0,1.0,3249.0575975267343,,
7260_liver_sbr_Male_26-U1,sbr,26,tierA_p95,N3_snap,whole section,8860,202016,0.6555,0.7051,15,0.57,0.5822,169.0,137.725,1.0,1.0,2760.6374475696607,,
7260_liver_sbr_Male_26-U1,sbr,26,tierA_p95,N4_orig,whole section,8860,202016,0.6555,0.7051,15,0.57,0.5822,169.0,151.0,0.916597065462754,0.82127539503386,2950.692734764779,,
7260_liver_sbr_Male_26-U1,sbr,26,tierA_p95,N4_tile,solid tiles,5158,202016,0.6555,0.7051,15,0.57,0.5822,176.0,168.15,0.9989240015509887,0.9360895696006203,620.1283573760089,,
7260_liver_sbr_Male_26-U1,sbr,26,tierA_p95,N4_occ,whole section,8860,202016,0.6555,0.7051,15,0.57,0.5822,169.0,170.0,0.9997460496613995,0.9858521444695258,9.748886396822154,3.0,720.0
7260_liver_sbr_Male_26-U1,sbr,26,tierA_p95,N4_occ15,whole section,8860,202016,0.6555,0.7051,15,0.57,0.5822,169.0,160.55,0.9790744920993225,0.8942155756207674,261.8297833417353,57.0,720.0
7260_liver_sbr_Male_26-U1,sbr,26,tierA_p95,N4_swap,whole section,8860,202016,0.6555,0.7051,15,0.57,0.5822,169.0,151.025,1.0,1.0,3016.812179234711,,
7001_liver_sham_Male_52-U1,sham,52,tierA_p95,N3_orig,whole section,6895,165961,0.6441,0.7347,20,0.5808,0.5775,106.0,87.1,0.7865772298767222,0.6411530094271212,3291.1321929280757,,
7001_liver_sham_Male_52-U1,sham,52,tierA_p95,N3_tile,solid tiles,3982,165961,0.6441,0.7347,20,0.5808,0.5775,107.0,100.75,1.0,0.8810522350577601,478.3076377903741,,
7001_liver_sham_Male_52-U1,sham,52,tierA_p95,N3_occ,whole section,6895,165961,0.6441,0.7347,20,0.5808,0.5775,106.0,107.0,1.0,1.0,0.0,1.0,108375.0
7001_liver_sham_Male_52-U1,sham,52,tierA_p95,N3_occ15,whole section,6895,165961,0.6441,0.7347,20,0.5808,0.5775,106.0,101.6,0.9955692530819433,0.8653299492385788,129.51701390523607,163.0,108375.0
7001_liver_sham_Male_52-U1,sham,52,tierA_p95,N3_swap,whole section,6895,165961,0.6441,0.7347,20,0.5808,0.5775,106.0,109.1,1.0,1.0,3662.0688582831776,,
7001_liver_sham_Male_52-U1,sham,52,tierA_p95,N3_snap,whole section,6895,165961,0.6441,0.7347,20,0.5808,0.5775,106.0,90.55,1.0,1.0,3104.313360644783,,
7001_liver_sham_Male_52-U1,sham,52,tierA_p95,N4_orig,whole section,6895,165961,0.6441,0.7347,20,0.5808,0.5775,106.0,94.9,0.9177374909354606,0.779369108049311,3602.2758756445255,,
7001_liver_sham_Male_52-U1,sham,52,tierA_p95,N4_tile,solid tiles,3982,165961,0.6441,0.7347,20,0.5808,0.5775,107.0,100.6,1.0,0.8772099447513811,576.2109630155314,,
7001_liver_sham_Male_52-U1,sham,52,tierA_p95,N4_occ,whole section,6895,165961,0.6441,0.7347,20,0.5808,0.5775,106.0,107.0,1.0,1.0,0.0,1.0,720.0
7001_liver_sham_Male_52-U1,sham,52,tierA_p95,N4_occ15,whole section,6895,165961,0.6441,0.7347,20,0.5808,0.5775,106.0,103.5,0.9967730239303844,0.901145757795504,102.4125871230091,17.0,720.0
7001_liver_sham_Male_52-U1,sham,52,tierA_p95,N4_swap,whole section,6895,165961,0.6441,0.7347,20,0.5808,0.5775,106.0,93.65,1.0,1.0,4250.352606527919,,
7248_liver_sham_Male_26-U1,sham,26,tierA_p95,N3_orig,whole section,9725,224921,0.784,0.8579,23,0.6205,0.6167,138.0,121.15,0.9157120822622108,0.7856606683804627,3107.076902188711,,
7248_liver_sham_Male_26-U1,sham,26,tierA_p95,N3_tile,solid tiles,5997,224921,0.784,0.8579,23,0.6205,0.6167,137.0,131.85,0.9989828247457064,0.9266133066533268,498.9114523783449,,
7248_liver_sham_Male_26-U1,sham,26,tierA_p95,N3_occ,whole section,9725,224921,0.784,0.8579,23,0.6205,0.6167,138.0,139.05,0.9990539845758354,0.9598663239074549,29.963203435596427,9.0,99224.0
7248_liver_sham_Male_26-U1,sham,26,tierA_p95,N3_occ15,whole section,9725,224921,0.784,0.8579,23,0.6205,0.6167,138.0,131.4,0.9788894601542417,0.8808174807197944,295.93516979821766,901.0,99224.0
7248_liver_sham_Male_26-U1,sham,26,tierA_p95,N3_swap,whole section,9725,224921,0.784,0.8579,23,0.6205,0.6167,138.0,135.6,1.0,1.0,3803.8803559770045,,
7248_liver_sham_Male_26-U1,sham,26,tierA_p95,N3_snap,whole section,9725,224921,0.784,0.8579,23,0.6205,0.6167,138.0,121.35,1.0,1.0,3744.2649517943764,,
7248_liver_sham_Male_26-U1,sham,26,tierA_p95,N4_orig,whole section,9725,224921,0.784,0.8579,23,0.6205,0.6167,138.0,122.35,0.9440925449871465,0.8195835475578408,3448.8038511964987,,
7248_liver_sham_Male_26-U1,sham,26,tierA_p95,N4_tile,solid tiles,5997,224921,0.784,0.8579,23,0.6205,0.6167,137.0,132.65,0.9995247623811908,0.9296981824245456,568.725125393657,,
7248_liver_sham_Male_26-U1,sham,26,tierA_p95,N4_occ,whole section,9725,224921,0.784,0.8579,23,0.6205,0.6167,138.0,139.0,0.9993419023136247,0.9735424164524421,18.286676185842744,3.0,720.0
7248_liver_sham_Male_26-U1,sham,26,tierA_p95,N4_occ15,whole section,9725,224921,0.784,0.8579,23,0.6205,0.6167,138.0,132.65,0.978858611825193,0.8888997429305912,257.1256800638779,39.0,720.0
7248_liver_sham_Male_26-U1,sham,26,tierA_p95,N4_swap,whole section,9725,224921,0.784,0.8579,23,0.6205,0.6167,138.0,125.65,1.0,1.0,2907.3564215288598,,
7352_liver_sham_Male_2-U1,sham,2,tierA_p95,N3_orig,whole section,6097,139378,0.6199,0.6576,14,0.6923,0.649,143.0,115.0,0.7257667705428898,0.6268984746596686,2528.1821537283704,,
7352_liver_sham_Male_2-U1,sham,2,tierA_p95,N3_tile,solid tiles,3957,139378,0.6199,0.6576,14,0.6923,0.649,151.0,147.2,1.0,0.9570128885519331,532.5806352032444,,
7352_liver_sham_Male_2-U1,sham,2,tierA_p95,N3_occ,whole section,6097,139378,0.6199,0.6576,14,0.6923,0.649,143.0,143.45,0.9997703788748564,0.9632934229949157,24.874368670764582,9.0,74178.0
7352_liver_sham_Male_2-U1,sham,2,tierA_p95,N3_occ15,whole section,6097,139378,0.6199,0.6576,14,0.6923,0.649,143.0,135.9,0.9654256191569625,0.8799081515499427,312.71101070163724,944.0,74178.0
7352_liver_sham_Male_2-U1,sham,2,tierA_p95,N3_swap,whole section,6097,139378,0.6199,0.6576,14,0.6923,0.649,143.0,149.2,1.0,1.0,2909.4767104919893,,
7352_liver_sham_Male_2-U1,sham,2,tierA_p95,N3_snap,whole section,6097,139378,0.6199,0.6576,14,0.6923,0.649,143.0,114.2,1.0,1.0,2934.921481425949,,
7352_liver_sham_Male_2-U1,sham,2,tierA_p95,N4_orig,whole section,6097,139378,0.6199,0.6576,14,0.6923,0.649,143.0,130.3,0.8628997867803836,0.7689027390519928,3016.0298556668995,,
7352_liver_sham_Male_2-U1,sham,2,tierA_p95,N4_tile,solid tiles,3957,139378,0.6199,0.6576,14,0.6923,0.649,151.0,146.4,1.0,0.9565453626484711,634.8320102757962,,
7352_liver_sham_Male_2-U1,sham,2,tierA_p95,N4_occ,whole section,6097,139378,0.6199,0.6576,14,0.6923,0.649,143.0,143.3,0.9999425947187142,0.9597917008364771,31.94635647369451,5.0,720.0
7352_liver_sham_Male_2-U1,sham,2,tierA_p95,N4_occ15,whole section,6097,139378,0.6199,0.6576,14,0.6923,0.649,143.0,135.3,0.9598409053632935,0.8780219780219779,353.9142676890869,50.0,720.0
7352_liver_sham_Male_2-U1,sham,2,tierA_p95,N4_swap,whole section,6097,139378,0.6199,0.6576,14,0.6923,0.649,143.0,129.85,1.0,1.0,3058.6465230573776,,
7435_liver_sham_Male_10-U1,sham,10,tierA_p95,N3_orig,whole section,6960,172218,0.6622,0.6951,17,0.6062,0.603,130.0,118.3,0.7401795977011495,0.6424137931034483,3310.072359499446,,
7435_liver_sham_Male_10-U1,sham,10,tierA_p95,N3_tile,solid tiles,4197,172218,0.6622,0.6951,17,0.6062,0.603,132.0,132.1,1.0,0.9652847271860855,434.1783602335261,,
7435_liver_sham_Male_10-U1,sham,10,tierA_p95,N3_occ,whole section,6960,172218,0.6622,0.6951,17,0.6062,0.603,130.0,131.0,0.9998635057471263,0.9612068965517242,31.491856633422422,12.0,95571.0
7435_liver_sham_Male_10-U1,sham,10,tierA_p95,N3_occ15,whole section,6960,172218,0.6622,0.6951,17,0.6062,0.603,130.0,128.55,0.9568893678160919,0.881192528735632,489.5131053044662,2301.0,95571.0
7435_liver_sham_Male_10-U1,sham,10,tierA_p95,N3_swap,whole section,6960,172218,0.6622,0.6951,17,0.6062,0.603,130.0,132.85,1.0,1.0,3254.3548957934554,,
7435_liver_sham_Male_10-U1,sham,10,tierA_p95,N3_snap,whole section,6960,172218,0.6622,0.6951,17,0.6062,0.603,130.0,118.55,1.0,1.0,3026.4239294497847,,
7435_liver_sham_Male_10-U1,sham,10,tierA_p95,N4_orig,whole section,6960,172218,0.6622,0.6951,17,0.6062,0.603,130.0,128.25,0.9361925287356323,0.860301724137931,3528.6678459320333,,
7435_liver_sham_Male_10-U1,sham,10,tierA_p95,N4_tile,solid tiles,4197,172218,0.6622,0.6951,17,0.6062,0.603,132.0,132.15,1.0,0.9662735287109842,538.7740230274583,,
7435_liver_sham_Male_10-U1,sham,10,tierA_p95,N4_occ,whole section,6960,172218,0.6622,0.6951,17,0.6062,0.603,130.0,131.0,0.999669540229885,0.9676652298850573,34.9686896455473,7.0,720.0
7435_liver_sham_Male_10-U1,sham,10,tierA_p95,N4_occ15,whole section,6960,172218,0.6622,0.6951,17,0.6062,0.603,130.0,128.6,0.9592313218390804,0.8898347701149424,3274.8517167740683,420.0,720.0
7435_liver_sham_Male_10-U1,sham,10,tierA_p95,N4_swap,whole section,6960,172218,0.6622,0.6951,17,0.6062,0.603,130.0,128.275,1.0,1.0,3371.972317997495,,
