row_type,arm_id,call,sender_set_kind,variant,control_type,scope_kind,seed,seed_index,n_fits,n_reportable,frac_reportable,median_sf_matched,sf_matched_q25,sf_matched_q75,frac_sf_le_0,frac_sf_gt_05,median_comp_share,median_sf_matched_lo,median_sf_matched_hi,median_sf_matched_n5n6,median_sf_n5,median_sf_n6n5,median_beta_naive,median_beta_naive_sd,median_beta_matched,median_lam_naive,frac_lam_railed,median_match_rate,median_max_smd_before,median_max_smd_after,frac_smd_gate_pass,n_match_cols,matched_on,n_sections,n_modules,n_boot,n_blocks,window_um,caliper_sd,n_seeds,seeds,sf_across_seed_mean,sf_across_seed_sd,sf_across_seed_min,sf_across_seed_max,sf_across_seed_range,comp_share_q25,comp_share_q75,comp_share_across_seed_min,comp_share_across_seed_max,max_max_smd_after
seed,m1,tierA_p95,A_SENDER_FINAL_strict,comp,decoy_matching,by_celltype,20260901,0,315,150,0.47619047619047616,0.9646681612984108,0.9156743527474286,0.9881189325094207,0.0,1.0,0.03533183870158918,0.8967773985857677,0.9966861234489064,0.08775834373397359,0.11433439019962015,0.08402370299261969,0.009974444231201699,0.32600582062111494,0.009230023061165,16.555361190652583,0.5666666666666667,0.9998871331828444,0.0974912317592025,0.0339514096738252,1.0,9,knn_frac_B-cells|knn_frac_Biliary/ductular|knn_frac_DC|knn_frac_Endothelial|knn_frac_Hepatocytes|knn_frac_Macrophages|knn_frac_Mesenchymal|knn_frac_Proliferating|knn_frac_T/NK cells,6,7,400,100,100.0,0.25,,,,,,,,,,,,
seed,m1,tierA_p95,A_SENDER_FINAL_strict,comp,decoy_matching,by_celltype,20260902,1,315,149,0.473015873015873,0.9629187899232174,0.9139014213306428,0.9869024537722152,0.0,1.0,0.037081210076782556,0.8914618020845585,0.9970377510854926,0.0866654974540614,0.1136528001979865,0.0836071211320542,0.0101481078482851,0.32879493094894585,0.0094354150445056,16.885936456434926,0.5637583892617449,0.9998871331828444,0.0974912317592025,0.0315075051908812,1.0,9,knn_frac_B-cells|knn_frac_Biliary/ductular|knn_frac_DC|knn_frac_Endothelial|knn_frac_Hepatocytes|knn_frac_Macrophages|knn_frac_Mesenchymal|knn_frac_Proliferating|knn_frac_T/NK cells,6,7,400,100,100.0,0.25,,,,,,,,,,,,
seed,m1,tierA_p95,A_SENDER_FINAL_strict,comp,decoy_matching,by_celltype,20260903,2,315,150,0.47619047619047616,0.9646659378960449,0.9140469571302647,0.9879500288729999,0.0,1.0,0.035334062103955066,0.8953093166566939,0.9963614136855092,0.0892870766155663,0.11433439019962015,0.08402370299261969,0.0101007294220712,0.33105825477383416,0.00933127703617485,16.555361190652583,0.5666666666666667,0.9998871331828444,0.0974912317592025,0.0321387850139815,1.0,9,knn_frac_B-cells|knn_frac_Biliary/ductular|knn_frac_DC|knn_frac_Endothelial|knn_frac_Hepatocytes|knn_frac_Macrophages|knn_frac_Mesenchymal|knn_frac_Proliferating|knn_frac_T/NK cells,6,7,400,100,100.0,0.25,,,,,,,,,,,,
seed,m1,tierA_p95,A_SENDER_FINAL_strict,comp,decoy_matching,by_celltype,20260904,3,315,149,0.473015873015873,0.9648249435319752,0.9154019510297128,0.9881104544247868,0.0,1.0,0.03517505646802477,0.9014779317690388,0.9968513022952724,0.0906466631125053,0.1195312032402228,0.0865925242920123,0.0101481078482851,0.33332157859872247,0.0094200163449449,16.22478592487024,0.5771812080536913,0.9998871331828444,0.0974912317592025,0.0326831915452864,1.0,9,knn_frac_B-cells|knn_frac_Biliary/ductular|knn_frac_DC|knn_frac_Endothelial|knn_frac_Hepatocytes|knn_frac_Macrophages|knn_frac_Mesenchymal|knn_frac_Proliferating|knn_frac_T/NK cells,6,7,400,100,100.0,0.25,,,,,,,,,,,,
seed,m1,tierA_p95,A_SENDER_FINAL_strict,comp,decoy_matching,by_celltype,20260905,4,315,150,0.47619047619047616,0.9636786333530563,0.9159835288453596,0.98794965609671,0.0,1.0,0.03632136664694374,0.8929357645858936,0.9971735244962774,0.08936029533932316,0.1172735917207383,0.08551640457259874,0.0101007294220712,0.32600582062111494,0.009342325775824199,17.458034361072826,0.5666666666666667,0.9998871331828444,0.0974912317592025,0.0333169670478752,1.0,9,knn_frac_B-cells|knn_frac_Biliary/ductular|knn_frac_DC|knn_frac_Endothelial|knn_frac_Hepatocytes|knn_frac_Macrophages|knn_frac_Mesenchymal|knn_frac_Proliferating|knn_frac_T/NK cells,6,7,400,100,100.0,0.25,,,,,,,,,,,,
summary,m1,tierA_p95,A_SENDER_FINAL_strict,comp,decoy_matching,by_celltype,-1,-1,1575,748,0.4749206349206349,0.9646659378960449,0.9152011681445646,0.9880330346499477,0.0,1.0,0.035732227552219775,0.894805109436069,0.9968295840241327,0.0889744666607936,0.1150159802012538,0.0844402848531852,0.0101007294220712,0.32879493094894585,0.0093312813503893,16.885936456434926,0.5681818181818182,0.9998871331828444,0.0974912317592025,0.0339514096738252,1.0,9,knn_frac_B-cells|knn_frac_Biliary/ductular|knn_frac_DC|knn_frac_Endothelial|knn_frac_Hepatocytes|knn_frac_Macrophages|knn_frac_Mesenchymal|knn_frac_Proliferating|knn_frac_T/NK cells,6,7,400,100,100.0,0.25,5.0,20260901|20260902|20260903|20260904|20260905,0.964151293200541,0.0008258765377289997,0.9629187899232174,0.9648249435319752,0.001906153608757788,0.011966965350052233,0.08479883185543532,0.03517505646802477,0.037081210076782556,0.0468861143549208
seed,m1,tierA_p95,A_SENDER_FINAL_strict,comp,decoy_matching,pooled,20260901,0,42,33,0.7857142857142857,0.983695419828466,0.9668239297966535,0.9915482220249496,0.0,1.0,0.016304580171534022,0.9734591170721708,0.994886772335886,-0.0838026432485642,-0.0635740798503045,-0.0838170465322657,0.019694831922698,0.6426456753264005,0.0197772625092629,6.999999999999999,0.7575757575757576,0.999871050275251,0.09161172951844365,0.03566316497237175,1.0,9,knn_frac_B-cells|knn_frac_Biliary/ductular|knn_frac_DC|knn_frac_Endothelial|knn_frac_Hepatocytes|knn_frac_Macrophages|knn_frac_Mesenchymal|knn_frac_Proliferating|knn_frac_T/NK cells,6,7,400,100,100.0,0.25,,,,,,,,,,,,
seed,m1,tierA_p95,A_SENDER_FINAL_strict,comp,decoy_matching,pooled,20260902,1,42,33,0.7857142857142857,0.9838872824684572,0.9675101276190492,0.9910961960926016,0.0,1.0,0.016112717531542753,0.9737161037749908,0.9945837254050494,-0.0838230797590809,-0.0635740798503045,-0.0838170465322657,0.019694831922698,0.6426456753264005,0.019777326228763,6.999999999999999,0.7575757575757576,0.999871050275251,0.09161172951844365,0.034000219490886996,1.0,9,knn_frac_B-cells|knn_frac_Biliary/ductular|knn_frac_DC|knn_frac_Endothelial|knn_frac_Hepatocytes|knn_frac_Macrophages|knn_frac_Mesenchymal|knn_frac_Proliferating|knn_frac_T/NK cells,6,7,400,100,100.0,0.25,,,,,,,,,,,,
seed,m1,tierA_p95,A_SENDER_FINAL_strict,comp,decoy_matching,pooled,20260903,2,42,33,0.7857142857142857,0.9839648479521724,0.966964169290088,0.991213738260128,0.0,1.0,0.016035152047827572,0.9716621242580464,0.9940566420926038,-0.0837866085540104,-0.0635740798503045,-0.0838170465322657,0.019694831922698,0.6426456753264005,0.0197787936462333,6.999999999999999,0.7575757575757576,0.999871050275251,0.09161172951844365,0.035739744885852,1.0,9,knn_frac_B-cells|knn_frac_Biliary/ductular|knn_frac_DC|knn_frac_Endothelial|knn_frac_Hepatocytes|knn_frac_Macrophages|knn_frac_Mesenchymal|knn_frac_Proliferating|knn_frac_T/NK cells,6,7,400,100,100.0,0.25,,,,,,,,,,,,
seed,m1,tierA_p95,A_SENDER_FINAL_strict,comp,decoy_matching,pooled,20260904,3,42,33,0.7857142857142857,0.9837138676570342,0.9667095635031396,0.991106744635114,0.0,1.0,0.01628613234296583,0.9733873130129758,0.9941358784554896,-0.0837666642946118,-0.0635740798503045,-0.0838170465322657,0.019694831922698,0.6426456753264005,0.0197777568669164,6.999999999999999,0.7575757575757576,0.999871050275251,0.09161172951844365,0.035559513722595096,1.0,9,knn_frac_B-cells|knn_frac_Biliary/ductular|knn_frac_DC|knn_frac_Endothelial|knn_frac_Hepatocytes|knn_frac_Macrophages|knn_frac_Mesenchymal|knn_frac_Proliferating|knn_frac_T/NK cells,6,7,400,100,100.0,0.25,,,,,,,,,,,,
seed,m1,tierA_p95,A_SENDER_FINAL_strict,comp,decoy_matching,pooled,20260905,4,42,33,0.7857142857142857,0.9837345264581868,0.9673397983866936,0.9907989755826812,0.0,1.0,0.01626547354181318,0.972240539985888,0.9937274070760204,-0.0838102580128862,-0.0635740798503045,-0.0838170465322657,0.019694831922698,0.6426456753264005,0.0197780075365419,6.999999999999999,0.7575757575757576,0.999871050275251,0.09161172951844365,0.0353181469307149,1.0,9,knn_frac_B-cells|knn_frac_Biliary/ductular|knn_frac_DC|knn_frac_Endothelial|knn_frac_Hepatocytes|knn_frac_Macrophages|knn_frac_Mesenchymal|knn_frac_Proliferating|knn_frac_T/NK cells,6,7,400,100,100.0,0.25,,,,,,,,,,,,
summary,m1,tierA_p95,A_SENDER_FINAL_strict,comp,decoy_matching,pooled,-1,-1,210,165,0.7857142857142857,0.9837345264581868,0.9668239297966535,0.991213738260128,0.0,1.0,0.01626547354181318,0.973036611722509,0.994165750831684,-0.0838026432485642,-0.0635740798503045,-0.0838170465322657,0.019694831922698,0.6426456753264005,0.0197777568669164,6.999999999999999,0.7575757575757576,0.999871050275251,0.09161172951844365,0.035222171732359,1.0,9,knn_frac_B-cells|knn_frac_Biliary/ductular|knn_frac_DC|knn_frac_Endothelial|knn_frac_Hepatocytes|knn_frac_Macrophages|knn_frac_Mesenchymal|knn_frac_Proliferating|knn_frac_T/NK cells,6,7,400,100,100.0,0.25,5.0,20260901|20260902|20260903|20260904|20260905,0.9837991888728632,0.00011982525240919115,0.983695419828466,0.9839648479521724,0.00026942812370645,0.008786261739871959,0.03317607020334645,0.016035152047827572,0.016304580171534022,0.0468861143549208
seed,m1,tierA_p95,A_SENDER_FINAL_strict,comp_adj,covariate_adjustment,by_celltype,-1,-1,315,150,0.47619047619047616,0.5023090459870199,0.2835908768450561,0.8043938051854599,0.08666666666666667,0.5,0.4976909540129802,0.10526191838440815,0.7712836340232736,,,,0.009974444231201699,0.32600582062111494,0.00465001770272445,16.555361190652583,0.5666666666666667,,,,,9,knn_frac_B-cells|knn_frac_Biliary/ductular|knn_frac_DC|knn_frac_Endothelial|knn_frac_Hepatocytes|knn_frac_Macrophages|knn_frac_Mesenchymal|knn_frac_Proliferating|knn_frac_T/NK cells,6,7,400,100,100.0,,,,,,,,,,,,,
summary,m1,tierA_p95,A_SENDER_FINAL_strict,comp_adj,covariate_adjustment,by_celltype,-1,-1,315,150,0.47619047619047616,0.5023090459870199,0.2835908768450561,0.8043938051854599,0.08666666666666667,0.5,0.4976909540129802,0.10526191838440815,0.7712836340232736,,,,0.009974444231201699,0.32600582062111494,0.00465001770272445,16.555361190652583,0.5666666666666667,,,,,9,knn_frac_B-cells|knn_frac_Biliary/ductular|knn_frac_DC|knn_frac_Endothelial|knn_frac_Hepatocytes|knn_frac_Macrophages|knn_frac_Mesenchymal|knn_frac_Proliferating|knn_frac_T/NK cells,6,7,400,100,100.0,,1.0,-1,0.5023090459870199,,0.5023090459870199,0.5023090459870199,0.0,0.19560619481454014,0.7164091231549439,0.4976909540129802,0.4976909540129802,
seed,m1,tierA_p95,A_SENDER_FINAL_strict,comp_adj,covariate_adjustment,pooled,-1,-1,42,33,0.7857142857142857,0.4988922663488566,0.3166855806054385,0.6697130387879465,0.0,0.48484848484848486,0.5011077336511434,0.421492437182865,0.6062842700864843,,,,0.019694831922698,0.6426456753264005,0.0116285218836144,6.999999999999999,0.7575757575757576,,,,,9,knn_frac_B-cells|knn_frac_Biliary/ductular|knn_frac_DC|knn_frac_Endothelial|knn_frac_Hepatocytes|knn_frac_Macrophages|knn_frac_Mesenchymal|knn_frac_Proliferating|knn_frac_T/NK cells,6,7,400,100,100.0,,,,,,,,,,,,,
summary,m1,tierA_p95,A_SENDER_FINAL_strict,comp_adj,covariate_adjustment,pooled,-1,-1,42,33,0.7857142857142857,0.4988922663488566,0.3166855806054385,0.6697130387879465,0.0,0.48484848484848486,0.5011077336511434,0.421492437182865,0.6062842700864843,,,,0.019694831922698,0.6426456753264005,0.0116285218836144,6.999999999999999,0.7575757575757576,,,,,9,knn_frac_B-cells|knn_frac_Biliary/ductular|knn_frac_DC|knn_frac_Endothelial|knn_frac_Hepatocytes|knn_frac_Macrophages|knn_frac_Mesenchymal|knn_frac_Proliferating|knn_frac_T/NK cells,6,7,400,100,100.0,,1.0,-1,0.4988922663488566,,0.4988922663488566,0.4988922663488566,0.0,0.3302869612120535,0.6833144193945615,0.5011077336511434,0.5011077336511434,
seed,m1,tierA_p95,A_SENDER_FINAL_strict,full,decoy_matching,by_celltype,20260901,0,315,150,0.47619047619047616,0.948831528581974,0.9206014600790454,0.9782188527981092,0.0,1.0,0.051168471418025996,0.8703950189723271,0.991005453267192,0.08688416382395145,0.11433439019962015,0.08402370299261969,0.009974444231201699,0.32600582062111494,0.0092128782750761,16.555361190652583,0.5666666666666667,1.0,0.3528033676214259,0.0266372042103036,1.0,12,log_dens50|log_counts|zonation|knn_frac_B-cells|knn_frac_Biliary/ductular|knn_frac_DC|knn_frac_Endothelial|knn_frac_Hepatocytes|knn_frac_Macrophages|knn_frac_Mesenchymal|knn_frac_Proliferating|knn_frac_T/NK cells,6,7,400,100,100.0,0.25,,,,,,,,,,,,
seed,m1,tierA_p95,A_SENDER_FINAL_strict,full,decoy_matching,by_celltype,20260902,1,315,149,0.473015873015873,0.9471332487674128,0.9180303428137672,0.978861221270171,0.0,1.0,0.05286675123258722,0.870954645975462,0.9896467448978798,0.0853026107735271,0.1136528001979865,0.0836071211320542,0.0101481078482851,0.32879493094894585,0.0092792816313942,16.885936456434926,0.5637583892617449,1.0,0.3528033676214259,0.0240475543120879,1.0,12,log_dens50|log_counts|zonation|knn_frac_B-cells|knn_frac_Biliary/ductular|knn_frac_DC|knn_frac_Endothelial|knn_frac_Hepatocytes|knn_frac_Macrophages|knn_frac_Mesenchymal|knn_frac_Proliferating|knn_frac_T/NK cells,6,7,400,100,100.0,0.25,,,,,,,,,,,,
seed,m1,tierA_p95,A_SENDER_FINAL_strict,full,decoy_matching,by_celltype,20260903,2,315,150,0.47619047619047616,0.9505206733813643,0.9199542604913324,0.9783430214855376,0.0,1.0,0.04947932661863569,0.8711557994831061,0.9901240447894433,0.08654222043337875,0.11433439019962015,0.08402370299261969,0.0101007294220712,0.33105825477383416,0.0093442971601923,16.555361190652583,0.5666666666666667,1.0,0.3528033676214259,0.025318139044125,1.0,12,log_dens50|log_counts|zonation|knn_frac_B-cells|knn_frac_Biliary/ductular|knn_frac_DC|knn_frac_Endothelial|knn_frac_Hepatocytes|knn_frac_Macrophages|knn_frac_Mesenchymal|knn_frac_Proliferating|knn_frac_T/NK cells,6,7,400,100,100.0,0.25,,,,,,,,,,,,
seed,m1,tierA_p95,A_SENDER_FINAL_strict,full,decoy_matching,by_celltype,20260904,3,315,149,0.473015873015873,0.9473350354774092,0.9199122727318342,0.9777548074609462,0.0,1.0,0.05266496452259084,0.8773318467585054,0.9907945286272826,0.0881813797266122,0.1195312032402228,0.0865925242920123,0.0101481078482851,0.33332157859872247,0.0093284312231698,16.22478592487024,0.5771812080536913,1.0,0.3528033676214259,0.0264159116988252,1.0,12,log_dens50|log_counts|zonation|knn_frac_B-cells|knn_frac_Biliary/ductular|knn_frac_DC|knn_frac_Endothelial|knn_frac_Hepatocytes|knn_frac_Macrophages|knn_frac_Mesenchymal|knn_frac_Proliferating|knn_frac_T/NK cells,6,7,400,100,100.0,0.25,,,,,,,,,,,,
seed,m1,tierA_p95,A_SENDER_FINAL_strict,full,decoy_matching,by_celltype,20260905,4,315,150,0.47619047619047616,0.950037818916641,0.9198646326848261,0.9787890549239362,0.0,1.0,0.04996218108335898,0.8737126697658479,0.9904730550089427,0.0878732273449883,0.1172735917207383,0.08551640457259874,0.0101007294220712,0.32600582062111494,0.00925053191822355,17.458034361072826,0.5666666666666667,1.0,0.3528033676214259,0.0248328890033307,1.0,12,log_dens50|log_counts|zonation|knn_frac_B-cells|knn_frac_Biliary/ductular|knn_frac_DC|knn_frac_Endothelial|knn_frac_Hepatocytes|knn_frac_Macrophages|knn_frac_Mesenchymal|knn_frac_Proliferating|knn_frac_T/NK cells,6,7,400,100,100.0,0.25,,,,,,,,,,,,
summary,m1,tierA_p95,A_SENDER_FINAL_strict,full,decoy_matching,by_celltype,-1,-1,1575,748,0.4749206349206349,0.948831528581974,0.9196706617042255,0.9784546446000058,0.0,1.0,0.05057191308747738,0.8734110515469449,0.9906000942446926,0.08782055607402114,0.1150159802012538,0.0844402848531852,0.0101007294220712,0.32879493094894585,0.0092603380059074,16.885936456434926,0.5681818181818182,1.0,0.3528033676214259,0.0240475543120879,1.0,12,log_dens50|log_counts|zonation|knn_frac_B-cells|knn_frac_Biliary/ductular|knn_frac_DC|knn_frac_Endothelial|knn_frac_Hepatocytes|knn_frac_Macrophages|knn_frac_Mesenchymal|knn_frac_Proliferating|knn_frac_T/NK cells,6,7,400,100,100.0,0.25,5.0,20260901|20260902|20260903|20260904|20260905,0.9487716610249602,0.001534117974884941,0.9471332487674128,0.9505206733813643,0.003387424613951473,0.02154535539999422,0.08032933829577446,0.04947932661863569,0.05286675123258722,0.0379692709185015
seed,m1,tierA_p95,A_SENDER_FINAL_strict,full,decoy_matching,pooled,20260901,0,42,33,0.7857142857142857,0.9853848903303036,0.9631028327327572,0.9910798737150712,0.0,1.0,0.014615109669696369,0.9789909004549876,0.9924052519285358,-0.0841736272811065,-0.0635740798503045,-0.0838170465322657,0.019694831922698,0.6426456753264005,0.0195934149883604,6.999999999999999,0.7575757575757576,1.0,0.35200240286220996,0.0247454721529812,1.0,12,log_dens50|log_counts|zonation|knn_frac_B-cells|knn_frac_Biliary/ductular|knn_frac_DC|knn_frac_Endothelial|knn_frac_Hepatocytes|knn_frac_Macrophages|knn_frac_Mesenchymal|knn_frac_Proliferating|knn_frac_T/NK cells,6,7,400,100,100.0,0.25,,,,,,,,,,,,
seed,m1,tierA_p95,A_SENDER_FINAL_strict,full,decoy_matching,pooled,20260902,1,42,33,0.7857142857142857,0.9856663741509188,0.9631560845417488,0.9910762387038689,0.0,1.0,0.014333625849081155,0.9789977657902408,0.9921549321465658,-0.0842074133586764,-0.0635740798503045,-0.0838170465322657,0.019694831922698,0.6426456753264005,0.0195992202427923,6.999999999999999,0.7575757575757576,1.0,0.35200240286220996,0.023152189620307552,1.0,12,log_dens50|log_counts|zonation|knn_frac_B-cells|knn_frac_Biliary/ductular|knn_frac_DC|knn_frac_Endothelial|knn_frac_Hepatocytes|knn_frac_Macrophages|knn_frac_Mesenchymal|knn_frac_Proliferating|knn_frac_T/NK cells,6,7,400,100,100.0,0.25,,,,,,,,,,,,
seed,m1,tierA_p95,A_SENDER_FINAL_strict,full,decoy_matching,pooled,20260903,2,42,33,0.7857142857142857,0.9854313808871298,0.9629726096423106,0.9910790463302606,0.0,1.0,0.014568619112870218,0.97834568111977,0.9923473900837588,-0.0842970329747472,-0.0635740798503045,-0.0838170465322657,0.019694831922698,0.6426456753264005,0.0195922813275604,6.999999999999999,0.7575757575757576,1.0,0.35200240286220996,0.0242966054693084,1.0,12,log_dens50|log_counts|zonation|knn_frac_B-cells|knn_frac_Biliary/ductular|knn_frac_DC|knn_frac_Endothelial|knn_frac_Hepatocytes|knn_frac_Macrophages|knn_frac_Mesenchymal|knn_frac_Proliferating|knn_frac_T/NK cells,6,7,400,100,100.0,0.25,,,,,,,,,,,,
seed,m1,tierA_p95,A_SENDER_FINAL_strict,full,decoy_matching,pooled,20260904,3,42,33,0.7857142857142857,0.9854948339729882,0.9631494492710884,0.9908085046481048,0.0,1.0,0.014505166027011795,0.979162919925151,0.9917236551272745,-0.084131347576098,-0.0635740798503045,-0.0838170465322657,0.019694831922698,0.6426456753264005,0.0196015651860432,6.999999999999999,0.7575757575757576,1.0,0.35200240286220996,0.02463168726162395,1.0,12,log_dens50|log_counts|zonation|knn_frac_B-cells|knn_frac_Biliary/ductular|knn_frac_DC|knn_frac_Endothelial|knn_frac_Hepatocytes|knn_frac_Macrophages|knn_frac_Mesenchymal|knn_frac_Proliferating|knn_frac_T/NK cells,6,7,400,100,100.0,0.25,,,,,,,,,,,,
seed,m1,tierA_p95,A_SENDER_FINAL_strict,full,decoy_matching,pooled,20260905,4,42,33,0.7857142857142857,0.9857734851300666,0.9632097336244108,0.9913195369509024,0.0,1.0,0.014226514869933427,0.9797378339486856,0.9929152875350534,-0.0842104171522531,-0.0635740798503045,-0.0838170465322657,0.019694831922698,0.6426456753264005,0.019596115475417,6.999999999999999,0.7575757575757576,1.0,0.35200240286220996,0.0236505224537444,1.0,12,log_dens50|log_counts|zonation|knn_frac_B-cells|knn_frac_Biliary/ductular|knn_frac_DC|knn_frac_Endothelial|knn_frac_Hepatocytes|knn_frac_Macrophages|knn_frac_Mesenchymal|knn_frac_Proliferating|knn_frac_T/NK cells,6,7,400,100,100.0,0.25,,,,,,,,,,,,
summary,m1,tierA_p95,A_SENDER_FINAL_strict,full,decoy_matching,pooled,-1,-1,210,165,0.7857142857142857,0.9854948339729882,0.9631028327327572,0.9910798737150712,0.0,1.0,0.014493313166974442,0.979162919925151,0.9923473900837588,-0.0842074133586764,-0.0635740798503045,-0.0838170465322657,0.019694831922698,0.6426456753264005,0.019596115475417,6.999999999999999,0.7575757575757576,1.0,0.35200240286220996,0.023661313103289852,1.0,12,log_dens50|log_counts|zonation|knn_frac_B-cells|knn_frac_Biliary/ductular|knn_frac_DC|knn_frac_Endothelial|knn_frac_Hepatocytes|knn_frac_Macrophages|knn_frac_Mesenchymal|knn_frac_Proliferating|knn_frac_T/NK cells,6,7,400,100,100.0,0.25,5.0,20260901|20260902|20260903|20260904|20260905,0.9855501928942813,0.00016421277951454027,0.9853848903303036,0.9857734851300666,0.0003885947997629424,0.008920126284928775,0.03689716726724279,0.014226514869933427,0.014615109669696369,0.0379692709185015
seed,m1,tierA_p95,A_SENDER_FINAL_strict,type_adj,covariate_adjustment,pooled,-1,-1,42,33,0.7857142857142857,0.3414495869724329,0.1975639953148451,0.432642737138276,0.030303030303030304,0.12121212121212122,0.6585504130275671,0.2356407883370275,0.4016433273008828,,,,0.019694831922698,0.6426456753264005,0.0062097015032965,6.999999999999999,0.7575757575757576,,,,,8,ct_Biliary/ductular|ct_DC|ct_Endothelial|ct_Hepatocytes|ct_Macrophages|ct_Mesenchymal|ct_Proliferating|ct_T/NK cells,6,7,400,100,100.0,,,,,,,,,,,,,
summary,m1,tierA_p95,A_SENDER_FINAL_strict,type_adj,covariate_adjustment,pooled,-1,-1,42,33,0.7857142857142857,0.3414495869724329,0.1975639953148451,0.432642737138276,0.030303030303030304,0.12121212121212122,0.6585504130275671,0.2356407883370275,0.4016433273008828,,,,0.019694831922698,0.6426456753264005,0.0062097015032965,6.999999999999999,0.7575757575757576,,,,,8,ct_Biliary/ductular|ct_DC|ct_Endothelial|ct_Hepatocytes|ct_Macrophages|ct_Mesenchymal|ct_Proliferating|ct_T/NK cells,6,7,400,100,100.0,,1.0,-1,0.3414495869724329,,0.3414495869724329,0.3414495869724329,0.0,0.567357262861724,0.8024360046851549,0.6585504130275671,0.6585504130275671,
seed,m1,tierA_p95,A_SENDER_FINAL_strict,typecomp_adj,covariate_adjustment,pooled,-1,-1,42,33,0.7857142857142857,0.1461386328146814,0.0722574458206703,0.2744521827652045,0.06060606060606061,0.030303030303030304,0.8538613671853186,0.0520051491703497,0.2460697851525334,,,,0.019694831922698,0.6426456753264005,0.0031849786097257,6.999999999999999,0.7575757575757576,,,,,17,ct_Biliary/ductular|ct_DC|ct_Endothelial|ct_Hepatocytes|ct_Macrophages|ct_Mesenchymal|ct_Proliferating|ct_T/NK cells|knn_frac_B-cells|knn_frac_Biliary/ductular|knn_frac_DC|knn_frac_Endothelial|knn_frac_Hepatocytes|knn_frac_Macrophages|knn_frac_Mesenchymal|knn_frac_Proliferating|knn_frac_T/NK cells,6,7,400,100,100.0,,,,,,,,,,,,,
summary,m1,tierA_p95,A_SENDER_FINAL_strict,typecomp_adj,covariate_adjustment,pooled,-1,-1,42,33,0.7857142857142857,0.1461386328146814,0.0722574458206703,0.2744521827652045,0.06060606060606061,0.030303030303030304,0.8538613671853186,0.0520051491703497,0.2460697851525334,,,,0.019694831922698,0.6426456753264005,0.0031849786097257,6.999999999999999,0.7575757575757576,,,,,17,ct_Biliary/ductular|ct_DC|ct_Endothelial|ct_Hepatocytes|ct_Macrophages|ct_Mesenchymal|ct_Proliferating|ct_T/NK cells|knn_frac_B-cells|knn_frac_Biliary/ductular|knn_frac_DC|knn_frac_Endothelial|knn_frac_Hepatocytes|knn_frac_Macrophages|knn_frac_Mesenchymal|knn_frac_Proliferating|knn_frac_T/NK cells,6,7,400,100,100.0,,1.0,-1,0.1461386328146814,,0.1461386328146814,0.1461386328146814,0.0,0.7255478172347956,0.9277425541793297,0.8538613671853186,0.8538613671853186,
seed,m1,tierApm_p95,A_sender_for_<module> (7 sets),comp,decoy_matching,by_celltype,20260901,0,315,157,0.4984126984126984,0.966189677259604,0.9380461022225772,0.9924343972941256,0.0,1.0,0.03381032274039597,0.9129308184627586,1.0000675988262149,0.0849615015237171,0.1129481820750404,0.0888574051304515,0.0098988128089603,0.298408028248008,0.0094843144850756,16.58627195247028,0.5605095541401274,0.9998549673676578,0.0975434902931811,0.0444450784193654,1.0,9,knn_frac_B-cells|knn_frac_Biliary/ductular|knn_frac_DC|knn_frac_Endothelial|knn_frac_Hepatocytes|knn_frac_Macrophages|knn_frac_Mesenchymal|knn_frac_Proliferating|knn_frac_T/NK cells,6,7,400,100,100.0,0.25,,,,,,,,,,,,
seed,m1,tierApm_p95,A_sender_for_<module> (7 sets),comp,decoy_matching,by_celltype,20260902,1,315,160,0.5079365079365079,0.9657768365135977,0.9250874646821217,0.9911665497571243,0.0,1.0,0.03422316348640231,0.9129486528196685,0.9999854391473635,0.09159092366357244,0.12786207989850706,0.0914530360137835,0.00942154261656715,0.29511308994473495,0.00922807157909525,15.888180631631354,0.55,0.9998549673676578,0.0975434902931811,0.0448945485667387,1.0,9,knn_frac_B-cells|knn_frac_Biliary/ductular|knn_frac_DC|knn_frac_Endothelial|knn_frac_Hepatocytes|knn_frac_Macrophages|knn_frac_Mesenchymal|knn_frac_Proliferating|knn_frac_T/NK cells,6,7,400,100,100.0,0.25,,,,,,,,,,,,
seed,m1,tierApm_p95,A_sender_for_<module> (7 sets),comp,decoy_matching,by_celltype,20260903,2,315,157,0.4984126984126984,0.9659529038603236,0.9326125123137722,0.9914381072870436,0.0,1.0,0.03404709613967638,0.9143146961614288,0.9989823588065077,0.0940379674393112,0.1347696950096561,0.0931510672875834,0.0098988128089603,0.298408028248008,0.009483065749006,16.317012328774005,0.5605095541401274,0.9998549673676578,0.0975434902931811,0.0432741570171581,1.0,9,knn_frac_B-cells|knn_frac_Biliary/ductular|knn_frac_DC|knn_frac_Endothelial|knn_frac_Hepatocytes|knn_frac_Macrophages|knn_frac_Mesenchymal|knn_frac_Proliferating|knn_frac_T/NK cells,6,7,400,100,100.0,0.25,,,,,,,,,,,,
seed,m1,tierApm_p95,A_sender_for_<module> (7 sets),comp,decoy_matching,by_celltype,20260904,3,315,155,0.49206349206349204,0.9681812760096606,0.9345009335496335,0.9919861122879112,0.0,1.0,0.03181872399033936,0.9146494786090354,1.000060002108627,0.0907086480147369,0.120954464787358,0.0897550047399836,0.0100205228686762,0.2995585306930948,0.0095720166281038,17.35451294266074,0.5612903225806452,0.9998549673676578,0.0975434902931811,0.0439786024956652,1.0,9,knn_frac_B-cells|knn_frac_Biliary/ductular|knn_frac_DC|knn_frac_Endothelial|knn_frac_Hepatocytes|knn_frac_Macrophages|knn_frac_Mesenchymal|knn_frac_Proliferating|knn_frac_T/NK cells,6,7,400,100,100.0,0.25,,,,,,,,,,,,
seed,m1,tierApm_p95,A_sender_for_<module> (7 sets),comp,decoy_matching,by_celltype,20260905,4,315,161,0.5111111111111111,0.9655703694995426,0.932275186623219,0.9917128081079084,0.0,1.0,0.03442963050045744,0.914032747067728,1.0002320903276074,0.0855399135177015,0.1129481820750404,0.0888574051304515,0.0095565635095011,0.2938629376193814,0.00930549593067,15.329759490332558,0.5590062111801242,0.9998549673676578,0.0975434902931811,0.0445381106944611,1.0,9,knn_frac_B-cells|knn_frac_Biliary/ductular|knn_frac_DC|knn_frac_Endothelial|knn_frac_Hepatocytes|knn_frac_Macrophages|knn_frac_Mesenchymal|knn_frac_Proliferating|knn_frac_T/NK cells,6,7,400,100,100.0,0.25,,,,,,,,,,,,
summary,m1,tierApm_p95,A_sender_for_<module> (7 sets),comp,decoy_matching,by_celltype,-1,-1,1575,790,0.5015873015873016,0.9659529038603236,0.9323595180458573,0.9918508928017363,0.0,1.0,0.03395998748124218,0.9138058342204229,0.9999783401430423,0.08956683002599819,0.120954464787358,0.0897550047399836,0.0098988128089603,0.2973856352590482,0.00948234271189295,16.317012328774005,0.5582278481012658,0.9998549673676578,0.0975434902931811,0.0443996467079572,1.0,9,knn_frac_B-cells|knn_frac_Biliary/ductular|knn_frac_DC|knn_frac_Endothelial|knn_frac_Hepatocytes|knn_frac_Macrophages|knn_frac_Mesenchymal|knn_frac_Proliferating|knn_frac_T/NK cells,6,7,400,100,100.0,0.25,5.0,20260901|20260902|20260903|20260904|20260905,0.9663342126285457,0.0010573616271992458,0.9655703694995426,0.9681812760096606,0.002610906510118083,0.0081491071982637,0.06764048195414274,0.03181872399033936,0.03442963050045744,0.0759260794818524
seed,m1,tierApm_p95,A_sender_for_<module> (7 sets),comp,decoy_matching,pooled,20260901,0,42,34,0.8095238095238095,0.9860043788563033,0.9726143552864334,0.9921833917197015,0.0,1.0,0.01399562114369668,0.9729556376728667,0.992778571315722,-0.0705691355688563,-0.040287638462728745,-0.0740376339719662,0.02074248735701395,0.6065861954590319,0.0204151649438188,6.999999999999999,0.7352941176470589,0.999871050275251,0.09724373958025226,0.044459581431869,1.0,9,knn_frac_B-cells|knn_frac_Biliary/ductular|knn_frac_DC|knn_frac_Endothelial|knn_frac_Hepatocytes|knn_frac_Macrophages|knn_frac_Mesenchymal|knn_frac_Proliferating|knn_frac_T/NK cells,6,7,400,100,100.0,0.25,,,,,,,,,,,,
seed,m1,tierApm_p95,A_sender_for_<module> (7 sets),comp,decoy_matching,pooled,20260902,1,42,34,0.8095238095238095,0.9858861548223476,0.9725577857706758,0.9921059862691569,0.0,1.0,0.014113845177652296,0.9725661544261963,0.9925631033865348,-0.07059810670484234,-0.040287638462728745,-0.0740376339719662,0.02074248735701395,0.6065861954590319,0.02041650554874785,6.999999999999999,0.7352941176470589,0.9998549673676578,0.09724373958025226,0.04491523676498755,1.0,9,knn_frac_B-cells|knn_frac_Biliary/ductular|knn_frac_DC|knn_frac_Endothelial|knn_frac_Hepatocytes|knn_frac_Macrophages|knn_frac_Mesenchymal|knn_frac_Proliferating|knn_frac_T/NK cells,6,7,400,100,100.0,0.25,,,,,,,,,,,,
seed,m1,tierApm_p95,A_sender_for_<module> (7 sets),comp,decoy_matching,pooled,20260903,2,42,35,0.8333333333333334,0.98607619897885,0.97255608769528,0.9922371356564563,0.0,1.0,0.013923801021149984,0.970280149732742,0.9937860647037472,-0.0689928835098634,-0.0337611217581561,-0.0740250238357422,0.0204661752787992,0.5859723532057282,0.0200845651557706,6.999999999999999,0.7428571428571429,0.999871050275251,0.09724373958025226,0.04369578706201875,1.0,9,knn_frac_B-cells|knn_frac_Biliary/ductular|knn_frac_DC|knn_frac_Endothelial|knn_frac_Hepatocytes|knn_frac_Macrophages|knn_frac_Mesenchymal|knn_frac_Proliferating|knn_frac_T/NK cells,6,7,400,100,100.0,0.25,,,,,,,,,,,,
seed,m1,tierApm_p95,A_sender_for_<module> (7 sets),comp,decoy_matching,pooled,20260904,3,42,34,0.8095238095238095,0.9862450034260468,0.9725239925793434,0.992464310990023,0.0,1.0,0.013754996573953238,0.9724238070859913,0.9925827733453274,-0.070574232872997,-0.040287638462728745,-0.0740376339719662,0.02074248735701395,0.6065861954590319,0.020417958230226498,6.999999999999999,0.7352941176470589,0.999871050275251,0.09724373958025226,0.04448335055296555,1.0,9,knn_frac_B-cells|knn_frac_Biliary/ductular|knn_frac_DC|knn_frac_Endothelial|knn_frac_Hepatocytes|knn_frac_Macrophages|knn_frac_Mesenchymal|knn_frac_Proliferating|knn_frac_T/NK cells,6,7,400,100,100.0,0.25,,,,,,,,,,,,
seed,m1,tierApm_p95,A_sender_for_<module> (7 sets),comp,decoy_matching,pooled,20260905,4,42,35,0.8333333333333334,0.9860661497640124,0.9726494888678141,0.9922428561098131,0.0,1.0,0.013933850235987588,0.9718184805186568,0.9931133900397314,-0.0689473813542369,-0.0337611217581561,-0.0740250238357422,0.0204661752787992,0.5859723532057282,0.0200858907910773,6.999999999999999,0.7428571428571429,0.999871050275251,0.09724373958025226,0.044595828184091704,1.0,9,knn_frac_B-cells|knn_frac_Biliary/ductular|knn_frac_DC|knn_frac_Endothelial|knn_frac_Hepatocytes|knn_frac_Macrophages|knn_frac_Mesenchymal|knn_frac_Proliferating|knn_frac_T/NK cells,6,7,400,100,100.0,0.25,,,,,,,,,,,,
summary,m1,tierApm_p95,A_sender_for_<module> (7 sets),comp,decoy_matching,pooled,-1,-1,210,172,0.819047619047619,0.9860661497640124,0.9724257815021069,0.9922655882822813,0.0,1.0,0.013928825628568786,0.9711283463061848,0.9930964567198381,-0.0690229001105909,-0.0337611217581561,-0.0740250238357422,0.0204661752787992,0.5859723532057282,0.02008978557783495,6.999999999999999,0.7383720930232558,0.9998549673676578,0.09724373958025226,0.04450609756941685,1.0,9,knn_frac_B-cells|knn_frac_Biliary/ductular|knn_frac_DC|knn_frac_Endothelial|knn_frac_Hepatocytes|knn_frac_Macrophages|knn_frac_Mesenchymal|knn_frac_Proliferating|knn_frac_T/NK cells,6,7,400,100,100.0,0.25,5.0,20260901|20260902|20260903|20260904|20260905,0.986055577169512,0.00013013891081622183,0.9858861548223476,0.9862450034260468,0.00035884860369916893,0.007734411717718742,0.027574218497893044,0.013754996573953238,0.014113845177652296,0.0759260794818524
seed,m1,tierApm_p95,A_sender_for_<module> (7 sets),comp_adj,covariate_adjustment,by_celltype,-1,-1,315,157,0.4984126984126984,0.5693178564807239,0.3367842333293381,0.8306758791455564,0.044585987261146494,0.5796178343949044,0.43068214351927614,0.2354481457419819,0.797396414167858,,,,0.0098988128089603,0.298408028248008,0.0050361278712573,16.58627195247028,0.5605095541401274,,,,,9,knn_frac_B-cells|knn_frac_Biliary/ductular|knn_frac_DC|knn_frac_Endothelial|knn_frac_Hepatocytes|knn_frac_Macrophages|knn_frac_Mesenchymal|knn_frac_Proliferating|knn_frac_T/NK cells,6,7,400,100,100.0,,,,,,,,,,,,,
summary,m1,tierApm_p95,A_sender_for_<module> (7 sets),comp_adj,covariate_adjustment,by_celltype,-1,-1,315,157,0.4984126984126984,0.5693178564807239,0.3367842333293381,0.8306758791455564,0.044585987261146494,0.5796178343949044,0.43068214351927614,0.2354481457419819,0.797396414167858,,,,0.0098988128089603,0.298408028248008,0.0050361278712573,16.58627195247028,0.5605095541401274,,,,,9,knn_frac_B-cells|knn_frac_Biliary/ductular|knn_frac_DC|knn_frac_Endothelial|knn_frac_Hepatocytes|knn_frac_Macrophages|knn_frac_Mesenchymal|knn_frac_Proliferating|knn_frac_T/NK cells,6,7,400,100,100.0,,1.0,-1,0.5693178564807239,,0.5693178564807239,0.5693178564807239,0.0,0.1693241208544436,0.663215766670662,0.43068214351927614,0.43068214351927614,
seed,m1,tierApm_p95,A_sender_for_<module> (7 sets),comp_adj,covariate_adjustment,pooled,-1,-1,42,34,0.8095238095238095,0.5140456434289409,0.34579114659316224,0.7007884275575953,0.029411764705882353,0.5294117647058824,0.4859543565710592,0.4322301024189661,0.5807404156357345,,,,0.02074248735701395,0.6065861954590319,0.0124101008677981,6.999999999999999,0.7352941176470589,,,,,9,knn_frac_B-cells|knn_frac_Biliary/ductular|knn_frac_DC|knn_frac_Endothelial|knn_frac_Hepatocytes|knn_frac_Macrophages|knn_frac_Mesenchymal|knn_frac_Proliferating|knn_frac_T/NK cells,6,7,400,100,100.0,,,,,,,,,,,,,
summary,m1,tierApm_p95,A_sender_for_<module> (7 sets),comp_adj,covariate_adjustment,pooled,-1,-1,42,34,0.8095238095238095,0.5140456434289409,0.34579114659316224,0.7007884275575953,0.029411764705882353,0.5294117647058824,0.4859543565710592,0.4322301024189661,0.5807404156357345,,,,0.02074248735701395,0.6065861954590319,0.0124101008677981,6.999999999999999,0.7352941176470589,,,,,9,knn_frac_B-cells|knn_frac_Biliary/ductular|knn_frac_DC|knn_frac_Endothelial|knn_frac_Hepatocytes|knn_frac_Macrophages|knn_frac_Mesenchymal|knn_frac_Proliferating|knn_frac_T/NK cells,6,7,400,100,100.0,,1.0,-1,0.5140456434289409,,0.5140456434289409,0.5140456434289409,0.0,0.29921157244240476,0.6542088534068378,0.4859543565710592,0.4859543565710592,
seed,m1,tierApm_p95,A_sender_for_<module> (7 sets),type_adj,covariate_adjustment,pooled,-1,-1,42,34,0.8095238095238095,0.3350092365408728,0.21884891755026356,0.4153739160686756,0.058823529411764705,0.17647058823529413,0.6649907634591272,0.21062580211789705,0.3856839921647651,,,,0.02074248735701395,0.6065861954590319,0.00743689321786235,6.999999999999999,0.7352941176470589,,,,,8,ct_Biliary/ductular|ct_DC|ct_Endothelial|ct_Hepatocytes|ct_Macrophages|ct_Mesenchymal|ct_Proliferating|ct_T/NK cells,6,7,400,100,100.0,,,,,,,,,,,,,
summary,m1,tierApm_p95,A_sender_for_<module> (7 sets),type_adj,covariate_adjustment,pooled,-1,-1,42,34,0.8095238095238095,0.3350092365408728,0.21884891755026356,0.4153739160686756,0.058823529411764705,0.17647058823529413,0.6649907634591272,0.21062580211789705,0.3856839921647651,,,,0.02074248735701395,0.6065861954590319,0.00743689321786235,6.999999999999999,0.7352941176470589,,,,,8,ct_Biliary/ductular|ct_DC|ct_Endothelial|ct_Hepatocytes|ct_Macrophages|ct_Mesenchymal|ct_Proliferating|ct_T/NK cells,6,7,400,100,100.0,,1.0,-1,0.3350092365408728,,0.3350092365408728,0.3350092365408728,0.0,0.5846260839313244,0.7811510824497364,0.6649907634591272,0.6649907634591272,
seed,m1,tierApm_p95,A_sender_for_<module> (7 sets),typecomp_adj,covariate_adjustment,pooled,-1,-1,42,34,0.8095238095238095,0.20416729731088018,0.09794833802843345,0.2817064795659714,0.11764705882352941,0.029411764705882353,0.7958327026891199,0.09128263602570161,0.2795412998686808,,,,0.02074248735701395,0.6065861954590319,0.00448663883254125,6.999999999999999,0.7352941176470589,,,,,17,ct_Biliary/ductular|ct_DC|ct_Endothelial|ct_Hepatocytes|ct_Macrophages|ct_Mesenchymal|ct_Proliferating|ct_T/NK cells|knn_frac_B-cells|knn_frac_Biliary/ductular|knn_frac_DC|knn_frac_Endothelial|knn_frac_Hepatocytes|knn_frac_Macrophages|knn_frac_Mesenchymal|knn_frac_Proliferating|knn_frac_T/NK cells,6,7,400,100,100.0,,,,,,,,,,,,,
summary,m1,tierApm_p95,A_sender_for_<module> (7 sets),typecomp_adj,covariate_adjustment,pooled,-1,-1,42,34,0.8095238095238095,0.20416729731088018,0.09794833802843345,0.2817064795659714,0.11764705882352941,0.029411764705882353,0.7958327026891199,0.09128263602570161,0.2795412998686808,,,,0.02074248735701395,0.6065861954590319,0.00448663883254125,6.999999999999999,0.7352941176470589,,,,,17,ct_Biliary/ductular|ct_DC|ct_Endothelial|ct_Hepatocytes|ct_Macrophages|ct_Mesenchymal|ct_Proliferating|ct_T/NK cells|knn_frac_B-cells|knn_frac_Biliary/ductular|knn_frac_DC|knn_frac_Endothelial|knn_frac_Hepatocytes|knn_frac_Macrophages|knn_frac_Mesenchymal|knn_frac_Proliferating|knn_frac_T/NK cells,6,7,400,100,100.0,,1.0,-1,0.20416729731088018,,0.20416729731088018,0.20416729731088018,0.0,0.7182935204340286,0.9020516619715666,0.7958327026891199,0.7958327026891199,
