call,variant,label,scope,source,n,q25,median,q75,mean,frac_le_0,frac_gt_05,reject_rate_p05
cdkn1a_pos,N3_orig,"N3 torus shift, whole-section bounding box (ORIGINAL)",whole section,perm_nulls_n7.csv (ORIGINAL),192,0.9959007562940961,1.0016880221178113,1.007627999021114,1.001929696752468,0.0,1.0,0.9322916666666666
cdkn1a_pos,N4_orig,"N4 rotation, whole-section bounding box (ORIGINAL)",whole section,perm_nulls_n7.csv (ORIGINAL),192,0.9439049684545584,1.0023559992145232,1.0535581906106692,1.020714747384277,0.0,0.9895833333333334,0.9322916666666666
cdkn1a_pos,N3_orig,"N3 torus shift, whole-section bounding box (ORIGINAL)",whole section,perm_nulls_c1_n7.csv (C1 re-run),192,0.9946013797929731,0.9993660403016309,1.0039425702081635,0.9989411857187506,0.0,1.0,0.9375
cdkn1a_pos,N3_occ,"N3-occ whole-section shift, <=5% of senders out of tissue",whole section,perm_nulls_c1_n7.csv (C1 re-run),192,4.291280620605132e-15,0.3935999413867196,0.7672499647010298,0.4090260369100145,0.171875,0.4583333333333333,0.4479166666666667
cdkn1a_pos,N3_occ15,"N3-occ15 whole-section shift, <=15% out of tissue (suppl.)",whole section,perm_nulls_c1_n7.csv (C1 re-run),192,0.877705200095706,0.9720572228245754,1.0414120329295857,0.9390634761420626,0.0,0.9739583333333334,0.921875
cdkn1a_pos,N3_swap,N3-swap senders relocated to random real cell positions,whole section,perm_nulls_c1_n7.csv (C1 re-run),192,0.7494671880868925,0.8907027853104683,0.957756684820045,0.884593327918247,0.03125,0.90625,0.875
cdkn1a_pos,N3_snap,"N3-snap whole-section shift, snapped to nearest real cell (suppl.)",whole section,perm_nulls_c1_n7.csv (C1 re-run),192,0.991498962417342,1.0089983857175677,1.0349071094634872,1.0183345336111607,0.0,1.0,0.9427083333333334
cdkn1a_pos,N4_orig,"N4 rotation, whole-section bounding box (ORIGINAL)",whole section,perm_nulls_c1_n7.csv (C1 re-run),192,0.9492404713201427,0.9988366411943894,1.0507497622751287,1.0197803507725478,0.0,0.9895833333333334,0.9322916666666666
cdkn1a_pos,N4_occ,"N4-occ whole-section rotation, <=5% of senders out of tissue",whole section,perm_nulls_c1_n7.csv (C1 re-run),192,3.5579850789318726e-16,0.3015100211457508,0.6385239751478281,0.3446141156976785,0.171875,0.3958333333333333,0.25
cdkn1a_pos,N4_occ15,"N4-occ15 whole-section rotation, <=15% out of tissue (suppl.)",whole section,perm_nulls_c1_n7.csv (C1 re-run),192,0.78831509967924,0.9377423550763848,1.014259300213248,0.8838776830899001,0.010416666666666666,0.890625,0.6875
cdkn1a_pos,N4_swap,"N4-swap rotation, snapped to nearest real cell positions",whole section,perm_nulls_c1_n7.csv (C1 re-run),192,0.9861663900863518,1.0110076688199006,1.0681170690430957,1.0434631337940978,0.0,0.9895833333333334,0.9427083333333334
cdkn1a_pos,N3_tile,N3-tile torus shift inside solid-tissue tiles,solid tiles,perm_nulls_c1_n7.csv (C1 re-run),168,0.8559019627776246,0.9845736785092667,1.0355736309082502,0.899227350488807,0.017857142857142856,0.9226190476190477,0.8630952380952381
cdkn1a_pos,N4_tile,N4-tile rotation inside solid-tissue tiles,solid tiles,perm_nulls_c1_n7.csv (C1 re-run),168,0.8214259756925962,0.9567029241842488,1.0296225784303288,0.889467860148719,0.011904761904761904,0.9047619047619048,0.8571428571428571
senepy_p95,N3_orig,"N3 torus shift, whole-section bounding box (ORIGINAL)",whole section,perm_nulls_n7.csv (ORIGINAL),146,0.9923458063244207,0.9987082610026294,1.0043721465316704,0.997639083114977,0.0,1.0,0.958904109589041
senepy_p95,N4_orig,"N4 rotation, whole-section bounding box (ORIGINAL)",whole section,perm_nulls_n7.csv (ORIGINAL),146,0.9738025296150482,1.0152910704554916,1.0812344820632838,1.0231899632457544,0.00684931506849315,0.9931506849315068,0.9657534246575342
senepy_p95,N3_orig,"N3 torus shift, whole-section bounding box (ORIGINAL)",whole section,perm_nulls_c1_n7.csv (C1 re-run),146,0.9944378698188913,1.000294911908289,1.0061113023896517,0.9992604285900551,0.0,1.0,0.952054794520548
senepy_p95,N3_occ,"N3-occ whole-section shift, <=5% of senders out of tissue",whole section,perm_nulls_c1_n7.csv (C1 re-run),146,0.033230361802276225,0.3847422050645881,0.7676815232501151,0.44107959644481887,0.1506849315068493,0.3835616438356164,0.6164383561643836
senepy_p95,N3_occ15,"N3-occ15 whole-section shift, <=15% out of tissue (suppl.)",whole section,perm_nulls_c1_n7.csv (C1 re-run),146,0.8588452971153344,0.980683474806701,1.0742998368110743,0.9472686989710638,0.0,0.958904109589041,0.9383561643835616
senepy_p95,N3_swap,N3-swap senders relocated to random real cell positions,whole section,perm_nulls_c1_n7.csv (C1 re-run),146,0.8584971226718439,0.9288381632151674,0.9903449047195603,0.9526235748796544,0.00684931506849315,0.952054794520548,0.9315068493150684
senepy_p95,N3_snap,"N3-snap whole-section shift, snapped to nearest real cell (suppl.)",whole section,perm_nulls_c1_n7.csv (C1 re-run),146,0.9811391596105145,1.0033133589986098,1.0257331211049168,1.0020686635934803,0.0,1.0,0.9726027397260274
senepy_p95,N4_orig,"N4 rotation, whole-section bounding box (ORIGINAL)",whole section,perm_nulls_c1_n7.csv (C1 re-run),146,0.9715518938514495,1.0106331493923841,1.0755238739139295,1.0228526782206457,0.00684931506849315,0.9931506849315068,0.9726027397260274
senepy_p95,N4_occ,"N4-occ whole-section rotation, <=5% of senders out of tissue",whole section,perm_nulls_c1_n7.csv (C1 re-run),146,0.02050730150230615,0.3405751708283727,0.6564076672504642,0.3940816057176534,0.1506849315068493,0.3904109589041096,0.363013698630137
senepy_p95,N4_occ15,"N4-occ15 whole-section rotation, <=15% out of tissue (suppl.)",whole section,perm_nulls_c1_n7.csv (C1 re-run),146,0.7655111301205819,0.9225542137032183,1.0313089699348037,0.8650580474362938,0.00684931506849315,0.863013698630137,0.7808219178082192
senepy_p95,N4_swap,"N4-swap rotation, snapped to nearest real cell positions",whole section,perm_nulls_c1_n7.csv (C1 re-run),146,0.9841850296337427,1.0155032631180878,1.0788476824798914,1.0271424351744283,0.00684931506849315,0.9931506849315068,0.9657534246575342
senepy_p95,N3_tile,N3-tile torus shift inside solid-tissue tiles,solid tiles,perm_nulls_c1_n7.csv (C1 re-run),134,0.842622690688784,1.0005369494266834,1.0631435943181449,0.9531552224328065,0.014925373134328358,0.9701492537313433,0.8880597014925373
senepy_p95,N4_tile,N4-tile rotation inside solid-tissue tiles,solid tiles,perm_nulls_c1_n7.csv (C1 re-run),134,0.8247069203723285,0.964395494051758,1.0521291045931331,0.9268098039643596,0.007462686567164179,0.9776119402985075,0.8805970149253731
senepy_p99,N3_orig,"N3 torus shift, whole-section bounding box (ORIGINAL)",whole section,perm_nulls_n7.csv (ORIGINAL),103,0.9898894989523939,1.0043027139700569,1.0120800900746834,1.0031391502575233,0.0,1.0,0.8058252427184466
senepy_p99,N4_orig,"N4 rotation, whole-section bounding box (ORIGINAL)",whole section,perm_nulls_n7.csv (ORIGINAL),103,0.9609742018360368,1.008481288656671,1.0685515225614526,1.035294537707664,0.0,1.0,0.8446601941747572
senepy_p99,N3_orig,"N3 torus shift, whole-section bounding box (ORIGINAL)",whole section,perm_nulls_c1_n7.csv (C1 re-run),103,0.9915058356799957,1.004826191175888,1.0141211645118424,1.0031701618589834,0.0,1.0,0.8155339805825242
senepy_p99,N3_occ,"N3-occ whole-section shift, <=5% of senders out of tissue",whole section,perm_nulls_c1_n7.csv (C1 re-run),103,0.061199544498391815,0.3897445393309612,0.7077681773655129,0.4243255408955808,0.20388349514563106,0.42718446601941745,0.5145631067961165
senepy_p99,N3_occ15,"N3-occ15 whole-section shift, <=15% out of tissue (suppl.)",whole section,perm_nulls_c1_n7.csv (C1 re-run),103,0.8637872722129056,0.9775531495625152,1.079430019471745,0.9335600945124964,0.0,0.9029126213592233,0.8543689320388349
senepy_p99,N3_swap,N3-swap senders relocated to random real cell positions,whole section,perm_nulls_c1_n7.csv (C1 re-run),103,0.840146383820235,0.9267352554057512,0.9819822124833565,0.9317693475894607,0.009708737864077669,0.9902912621359223,0.9223300970873787
senepy_p99,N3_snap,"N3-snap whole-section shift, snapped to nearest real cell (suppl.)",whole section,perm_nulls_c1_n7.csv (C1 re-run),103,0.9482321981593024,0.9960358570605734,1.0349854104581833,0.9898767390089842,0.0,1.0,0.8640776699029126
senepy_p99,N4_orig,"N4 rotation, whole-section bounding box (ORIGINAL)",whole section,perm_nulls_c1_n7.csv (C1 re-run),103,0.9546566929368006,1.0008764768663116,1.0603169553824774,1.0317152450224476,0.0,1.0,0.8349514563106796
senepy_p99,N4_occ,"N4-occ whole-section rotation, <=5% of senders out of tissue",whole section,perm_nulls_c1_n7.csv (C1 re-run),103,3.830887867478963e-16,0.2994888271268991,0.5450988963391163,0.33105392628789293,0.1941747572815534,0.32038834951456313,0.24271844660194175
senepy_p99,N4_occ15,"N4-occ15 whole-section rotation, <=15% out of tissue (suppl.)",whole section,perm_nulls_c1_n7.csv (C1 re-run),103,0.6994375625194869,0.9113703307476986,1.0112763105094404,0.8298050642509122,0.009708737864077669,0.8349514563106796,0.5242718446601942
senepy_p99,N4_swap,"N4-swap rotation, snapped to nearest real cell positions",whole section,perm_nulls_c1_n7.csv (C1 re-run),103,0.9619399577904963,1.003845945966945,1.0421528819866983,1.0229322521469373,0.0,1.0,0.912621359223301
senepy_p99,N3_tile,N3-tile torus shift inside solid-tissue tiles,solid tiles,perm_nulls_c1_n7.csv (C1 re-run),91,0.7706662950120912,0.9973026075968008,1.0900594681500184,0.9605905159363736,0.02197802197802198,0.8901098901098901,0.6263736263736264
senepy_p99,N4_tile,N4-tile rotation inside solid-tissue tiles,solid tiles,perm_nulls_c1_n7.csv (C1 re-run),91,0.7493152420096898,0.9791284514536136,1.096111819668484,0.9695696181985037,0.02197802197802198,0.9010989010989011,0.6703296703296703
tierA_p90,N3_orig,"N3 torus shift, whole-section bounding box (ORIGINAL)",whole section,perm_nulls_n7.csv (ORIGINAL),181,0.994492241605033,1.0009783855960332,1.0065163464723972,0.9995448146268203,0.0,1.0,0.9116022099447514
tierA_p90,N4_orig,"N4 rotation, whole-section bounding box (ORIGINAL)",whole section,perm_nulls_n7.csv (ORIGINAL),181,0.8517897530605332,0.9676482160719824,1.0494873294609288,0.9360740315624544,0.0,0.9558011049723757,0.9502762430939227
tierA_p90,N3_orig,"N3 torus shift, whole-section bounding box (ORIGINAL)",whole section,perm_nulls_c1_n7.csv (C1 re-run),181,0.9937297343714036,1.0004582329652207,1.00583115667516,0.99915393256214,0.0,1.0,0.9171270718232044
tierA_p90,N3_occ,"N3-occ whole-section shift, <=5% of senders out of tissue",whole section,perm_nulls_c1_n7.csv (C1 re-run),181,7.13507573860009e-15,0.5782032311711788,0.8283019977335891,0.4924325795440647,0.14917127071823205,0.5303867403314917,0.5359116022099447
tierA_p90,N3_occ15,"N3-occ15 whole-section shift, <=15% out of tissue (suppl.)",whole section,perm_nulls_c1_n7.csv (C1 re-run),181,0.8431043542422301,0.9481410041057754,1.0208008567514346,0.9246724306025635,0.0,0.9723756906077348,0.9281767955801105
tierA_p90,N3_swap,N3-swap senders relocated to random real cell positions,whole section,perm_nulls_c1_n7.csv (C1 re-run),181,0.4687278409085576,0.7840683581027168,0.8935888704772876,0.6341867895946122,0.06629834254143646,0.7292817679558011,0.8176795580110497
tierA_p90,N3_snap,"N3-snap whole-section shift, snapped to nearest real cell (suppl.)",whole section,perm_nulls_c1_n7.csv (C1 re-run),181,0.979981770685283,1.0081783496295218,1.030288125419649,0.9978014403207024,0.0,0.994475138121547,0.9723756906077348
tierA_p90,N4_orig,"N4 rotation, whole-section bounding box (ORIGINAL)",whole section,perm_nulls_c1_n7.csv (C1 re-run),181,0.8574750128200688,0.9657210508678676,1.0531622488242425,0.9383795888967502,0.0,0.9613259668508287,0.9502762430939227
tierA_p90,N4_occ,"N4-occ whole-section rotation, <=5% of senders out of tissue",whole section,perm_nulls_c1_n7.csv (C1 re-run),181,5.174505102437445e-16,0.355446158966428,0.6427396496323861,0.37678329127746696,0.143646408839779,0.39226519337016574,0.2983425414364641
tierA_p90,N4_occ15,"N4-occ15 whole-section rotation, <=15% out of tissue (suppl.)",whole section,perm_nulls_c1_n7.csv (C1 re-run),181,0.7948893501081408,0.902545997906366,0.9904806136439565,0.8882227185213295,0.0,0.9613259668508287,0.7624309392265194
tierA_p90,N4_swap,"N4-swap rotation, snapped to nearest real cell positions",whole section,perm_nulls_c1_n7.csv (C1 re-run),181,0.876782202836468,0.99318753164389,1.0423704321438794,0.9520063237297798,0.0,0.9613259668508287,0.9613259668508287
tierA_p90,N3_tile,N3-tile torus shift inside solid-tissue tiles,solid tiles,perm_nulls_c1_n7.csv (C1 re-run),153,0.9299699109983915,0.983324093516459,1.021639559835966,0.9768485205237133,0.0,1.0,0.8888888888888888
tierA_p90,N4_tile,N4-tile rotation inside solid-tissue tiles,solid tiles,perm_nulls_c1_n7.csv (C1 re-run),153,0.8954838974214098,0.9815474201372222,1.0411339271528328,0.9959367582868313,0.0,0.9934640522875817,0.8954248366013072
tierA_p99,N3_orig,"N3 torus shift, whole-section bounding box (ORIGINAL)",whole section,perm_nulls_n7.csv (ORIGINAL),93,0.9859343166893773,0.99799849764927,1.003232030287929,0.9963523401111671,0.0,1.0,0.6129032258064516
tierA_p99,N4_orig,"N4 rotation, whole-section bounding box (ORIGINAL)",whole section,perm_nulls_n7.csv (ORIGINAL),93,0.8399860993383091,0.9340546173139432,1.0738040702316056,0.921808514675508,0.03225806451612903,0.946236559139785,0.6344086021505376
tierA_p99,N3_orig,"N3 torus shift, whole-section bounding box (ORIGINAL)",whole section,perm_nulls_c1_n7.csv (C1 re-run),93,0.9940429359800704,1.005418538516935,1.0167411024615367,1.0067336926844919,0.0,1.0,0.6021505376344086
tierA_p99,N3_occ,"N3-occ whole-section shift, <=5% of senders out of tissue",whole section,perm_nulls_c1_n7.csv (C1 re-run),93,2.981001459729807e-15,0.128525215720385,0.5291474044878732,0.2845256084160891,0.20430107526881722,0.26881720430107525,0.3225806451612903
tierA_p99,N3_occ15,"N3-occ15 whole-section shift, <=15% out of tissue (suppl.)",whole section,perm_nulls_c1_n7.csv (C1 re-run),93,0.815486426623847,0.939345421269592,1.0300995409465543,0.9116307876055333,0.0,0.9354838709677419,0.6989247311827957
tierA_p99,N3_swap,N3-swap senders relocated to random real cell positions,whole section,perm_nulls_c1_n7.csv (C1 re-run),93,0.3911328696912219,0.6894640411049135,0.8784749365086181,0.6214781327483764,0.043010752688172046,0.6666666666666666,0.6559139784946236
tierA_p99,N3_snap,"N3-snap whole-section shift, snapped to nearest real cell (suppl.)",whole section,perm_nulls_c1_n7.csv (C1 re-run),93,0.9304337796366676,0.987112838251232,1.0232748516090038,0.9746309106191849,0.0,0.989247311827957,0.7096774193548387
tierA_p99,N4_orig,"N4 rotation, whole-section bounding box (ORIGINAL)",whole section,perm_nulls_c1_n7.csv (C1 re-run),93,0.8518647140509662,0.9531020227458776,1.0582744153966843,0.9288143043420876,0.03225806451612903,0.946236559139785,0.6559139784946236
tierA_p99,N4_occ,"N4-occ whole-section rotation, <=5% of senders out of tissue",whole section,perm_nulls_c1_n7.csv (C1 re-run),93,3.2684107547612933e-16,0.1176519638440189,0.4394507540773686,0.23173341768811279,0.20430107526881722,0.22580645161290322,0.25806451612903225
tierA_p99,N4_occ15,"N4-occ15 whole-section rotation, <=15% out of tissue (suppl.)",whole section,perm_nulls_c1_n7.csv (C1 re-run),93,0.7212898007091895,0.8306798010386792,0.9710227560578416,0.8369367673207494,0.021505376344086023,0.9247311827956989,0.5376344086021505
tierA_p99,N4_swap,"N4-swap rotation, snapped to nearest real cell positions",whole section,perm_nulls_c1_n7.csv (C1 re-run),93,0.8178441677542313,0.9704098598643156,1.042582255619409,0.9085725549987821,0.021505376344086023,0.956989247311828,0.7634408602150538
tierA_p99,N3_tile,N3-tile torus shift inside solid-tissue tiles,solid tiles,perm_nulls_c1_n7.csv (C1 re-run),83,0.8857458089621084,0.9677092563704124,1.0307114118179586,0.9329799697386247,0.012048192771084338,0.963855421686747,0.6867469879518072
tierA_p99,N4_tile,N4-tile rotation inside solid-tissue tiles,solid tiles,perm_nulls_c1_n7.csv (C1 re-run),83,0.8369881824163447,0.968372685676579,1.0309195172349337,0.9045212658832558,0.024096385542168676,0.9397590361445783,0.6867469879518072
tierApm_p95,N3_orig,"N3 torus shift, whole-section bounding box (ORIGINAL)",whole section,perm_nulls_n7.csv (ORIGINAL),160,0.9893121661131835,0.9990098339923226,1.0057785154520762,0.9956683688597632,0.0,1.0,0.8125
tierApm_p95,N4_orig,"N4 rotation, whole-section bounding box (ORIGINAL)",whole section,perm_nulls_n7.csv (ORIGINAL),160,0.7930306645218264,0.9429003620138077,1.041281315305722,0.866906977199713,0.03125,0.88125,0.81875
tierApm_p95,N3_orig,"N3 torus shift, whole-section bounding box (ORIGINAL)",whole section,perm_nulls_c1_n7.csv (C1 re-run),160,0.9928472742994513,1.0004259350438884,1.007098779949934,0.9998216448276376,0.0,1.0,0.79375
tierApm_p95,N3_occ,"N3-occ whole-section shift, <=5% of senders out of tissue",whole section,perm_nulls_c1_n7.csv (C1 re-run),160,9.066650074604243e-15,0.33116838990191133,0.7215951431548574,0.40315280813455506,0.11875,0.425,0.5625
tierApm_p95,N3_occ15,"N3-occ15 whole-section shift, <=15% out of tissue (suppl.)",whole section,perm_nulls_c1_n7.csv (C1 re-run),160,0.7665783354368223,0.9041405350946226,1.0081093630258522,0.8401572830365914,0.03125,0.9,0.8
tierApm_p95,N3_swap,N3-swap senders relocated to random real cell positions,whole section,perm_nulls_c1_n7.csv (C1 re-run),160,0.428541913902328,0.7057876171982846,0.8984304784557774,0.6189559718809943,0.05625,0.68125,0.8
tierApm_p95,N3_snap,"N3-snap whole-section shift, snapped to nearest real cell (suppl.)",whole section,perm_nulls_c1_n7.csv (C1 re-run),160,0.9581769153635784,0.9957080364522499,1.0303174402804147,0.9905453576680852,0.0,1.0,0.86875
tierApm_p95,N4_orig,"N4 rotation, whole-section bounding box (ORIGINAL)",whole section,perm_nulls_c1_n7.csv (C1 re-run),160,0.7816707519455959,0.9475468985490179,1.0346802295641702,0.8683201718287401,0.03125,0.88125,0.81875
tierApm_p95,N4_occ,"N4-occ whole-section rotation, <=5% of senders out of tissue",whole section,perm_nulls_c1_n7.csv (C1 re-run),160,6.52210986677037e-16,0.23276608330414905,0.5194196146014953,0.30564539856919515,0.18125,0.26875,0.2625
tierApm_p95,N4_occ15,"N4-occ15 whole-section rotation, <=15% out of tissue (suppl.)",whole section,perm_nulls_c1_n7.csv (C1 re-run),160,0.6889770100178096,0.8509205395775272,0.9762205601309051,0.8045241521528016,0.025,0.90625,0.7
tierApm_p95,N4_swap,"N4-swap rotation, snapped to nearest real cell positions",whole section,perm_nulls_c1_n7.csv (C1 re-run),160,0.7907720696310996,0.967544268402488,1.0342771751595037,0.8742557266996865,0.0125,0.90625,0.875
tierApm_p95,N3_tile,N3-tile torus shift inside solid-tissue tiles,solid tiles,perm_nulls_c1_n7.csv (C1 re-run),146,0.9133457714845409,0.960690007687471,1.0014572203649335,0.9242947235128423,0.0136986301369863,0.9657534246575342,0.8424657534246576
tierApm_p95,N4_tile,N4-tile rotation inside solid-tissue tiles,solid tiles,perm_nulls_c1_n7.csv (C1 re-run),146,0.8402237441540348,0.9431390234120602,1.0279905469256345,0.8942997853089684,0.0273972602739726,0.9657534246575342,0.8356164383561644
